1 vs. 2,ENSG00000244734,4.87E-04,0.005599241,-149406.5895,149406.5895
1 vs. 2,ENSG00000163736,9.74E-06,3.74E-04,15620.51579,15620.51579
1 vs. 2,ENSG00000101162,3.40E-04,0.004967912,7281.581053,7281.581053
1 vs. 2,ENSG00000113140,5.61E-04,0.006149656,3869.627368,3869.627368
1 vs. 2,ENSG00000158457,0.001088797,0.00865973,3752.162105,3752.162105
1 vs. 2,ENSG00000188536,4.98E-06,2.29E-04,3631.953684,3631.953684
1 vs. 2,ENSG00000095303,6.62E-04,0.006916652,3425.448421,3425.448421
1 vs. 2,ENSG00000148484,0.021807692,0.071551301,3311.408421,3311.408421
1 vs. 2,ENSG00000101335,1.36E-06,1.02E-04,3036.172632,3036.172632
1 vs. 2,ENSG00000111644,8.25E-04,0.007593922,2388.513684,2388.513684
1 vs. 2,ENSG00000154146,8.43E-07,9.70E-05,1740.652632,1740.652632
1 vs. 2,ENSG00000088726,8.14E-04,0.007593922,1694.68,1694.68
1 vs. 2,ENSG00000121766,0.013764932,0.050252925,1464.528421,1464.528421
1 vs. 2,ENSG00000138735,0.020839241,0.070485668,1405.793684,1405.793684
1 vs. 2,ENSG00000065534,0.001783997,0.012822479,1178.286316,1178.286316
1 vs. 2,ENSG00000100504,0.154612343,0.277819053,1108.326316,1108.326316
1 vs. 2,ENSG00000162367,0.004166688,0.021296405,1090.749474,1090.749474
1 vs. 2,ENSG00000109572,0.097509784,0.203884093,1041.216842,1041.216842
1 vs. 2,ENSG00000157570,0.003639058,0.019464729,1008.498947,1008.498947
1 vs. 2,ENSG00000176783,3.01E-04,0.004967912,990.7305263,990.7305263
1 vs. 2,ENSG00000108405,3.28E-04,0.004967912,889.96,889.96
1 vs. 2,ENSG00000147065,0.51207104,0.676875512,788.5515789,788.5515789
1 vs. 2,ENSG00000113558,0.234171342,0.385163057,772.3621053,772.3621053
1 vs. 2,ENSG00000129657,0.109365976,0.220650653,734.5221053,734.5221053
1 vs. 2,ENSG00000153071,0.009459356,0.037511238,728.6884211,728.6884211
1 vs. 2,ENSG00000102893,0.163396876,0.291327764,649.2,649.2
1 vs. 2,ENSG00000088826,0.005103848,0.024455937,582.0126316,582.0126316
1 vs. 2,ENSG00000140319,0.377845802,0.536447744,581.8989474,581.8989474
1 vs. 2,ENSG00000186591,0.299433051,0.452865653,577.16,577.16
1 vs. 2,ENSG00000103187,0.31267114,0.457325146,540.64,540.64
1 vs. 2,ENSG00000118640,0.441240341,0.600504606,516.8463158,516.8463158
1 vs. 2,ENSG00000198168,0.001350674,0.01035517,515.4589474,515.4589474
1 vs. 2,ENSG00000163737,1.99E-08,4.59E-06,510.3094737,510.3094737
1 vs. 2,ENSG00000146859,0.106240263,0.216241243,396.8273684,396.8273684
1 vs. 2,ENSG00000161911,9.18E-04,0.008120793,385.3094737,385.3094737
1 vs. 2,ENSG00000108960,0.002593004,0.016949921,342.3684211,342.3684211
1 vs. 2,ENSG00000174175,0.01080507,0.041419436,323.5115789,323.5115789
1 vs. 2,ENSG00000163220,0.002189201,0.01525807,-319.5305263,319.5305263
1 vs. 2,ENSG00000156508,0.047133843,0.123190725,-311.4357895,311.4357895
1 vs. 2,ENSG00000185989,0.43655205,0.597660545,296.24,296.24
1 vs. 2,ENSG00000125868,0.093135593,0.200198004,291.1473684,291.1473684
1 vs. 2,ENSG00000188229,0.527828152,0.682025141,271.4526316,271.4526316
1 vs. 2,ENSG00000140988,0.00918909,0.037078785,-261.7873684,261.7873684
1 vs. 2,ENSG00000166501,0.003295143,0.01848495,246.8821053,246.8821053
1 vs. 2,ENSG00000005249,0.002491241,0.016852511,245.7515789,245.7515789
1 vs. 2,ENSG00000112306,0.594237074,0.730879824,243.6589474,243.6589474
1 vs. 2,ENSG00000146376,0.005462592,0.024771828,242.1705263,242.1705263
1 vs. 2,ENSG00000162722,0.282993257,0.436835229,236.5831579,236.5831579
1 vs. 2,ENSG00000089157,0.011262102,0.042463663,-225.7936842,225.7936842
1 vs. 2,ENSG00000171611,0.004959289,0.024268863,221.3389474,221.3389474
1 vs. 2,ENSG00000131171,0.143908602,0.264791828,208.9578947,208.9578947
1 vs. 2,ENSG00000106211,0.548191895,0.695471309,-207.1073684,207.1073684
1 vs. 2,ENSG00000149273,0.029563793,0.091887466,-193.3305263,193.3305263
1 vs. 2,ENSG00000196531,0.093027137,0.200198004,-191.0168421,191.0168421
1 vs. 2,ENSG00000134882,0.045378473,0.121361032,187.2884211,187.2884211
1 vs. 2,ENSG00000125875,0.005492884,0.024771828,179.1368421,179.1368421
1 vs. 2,ENSG00000152256,0.08684644,0.192064243,176.1915789,176.1915789
1 vs. 2,ENSG00000019582,0.189901555,0.32595043,175.2631579,175.2631579
1 vs. 2,ENSG00000150681,4.72E-04,0.005599241,171.2273684,171.2273684
1 vs. 2,ENSG00000175567,0.246969704,0.400930148,-168.0905263,168.0905263
1 vs. 2,ENSG00000129355,0.001091879,0.00865973,164.8863158,164.8863158
1 vs. 2,ENSG00000272398,0.602626346,0.733354812,153.1894737,153.1894737
1 vs. 2,ENSG00000108846,0.009889477,0.038552199,149.7978947,149.7978947
1 vs. 2,ENSG00000198478,1.43E-04,0.003296976,148.4947368,148.4947368
1 vs. 2,ENSG00000197461,1.87E-04,0.003900165,144.0147368,144.0147368
1 vs. 2,ENSG00000100664,0.58726807,0.726191699,-138.8736842,138.8736842
1 vs. 2,ENSG00000198034,0.070597311,0.172985545,-137.7494737,137.7494737
1 vs. 2,ENSG00000118508,0.02428595,0.077580118,137.1094737,137.1094737
1 vs. 2,ENSG00000159023,0.062905778,0.157264445,-136.8294737,136.8294737
1 vs. 2,ENSG00000013810,0.071832799,0.172985545,134.0673684,134.0673684
1 vs. 2,ENSG00000179361,0.015878875,0.056186789,133.5157895,133.5157895
1 vs. 2,ENSG00000123405,3.20E-05,0.00105288,132.1663158,132.1663158
1 vs. 2,ENSG00000137154,0.095913755,0.202386823,-131.6589474,131.6589474
1 vs. 2,ENSG00000142541,0.499990911,0.664727801,-128.8084211,128.8084211
1 vs. 2,ENSG00000111057,0.523460502,0.682025141,-123.5284211,123.5284211
1 vs. 2,ENSG00000185624,0.259979869,0.412381862,-122.1915789,122.1915789
1 vs. 2,ENSG00000168461,0.247530787,0.400930148,120.7642105,120.7642105
1 vs. 2,ENSG00000156482,0.205778475,0.348007714,-112.7726316,112.7726316
1 vs. 2,ENSG00000144802,0.55032947,0.695471309,-112.7178947,112.7178947
1 vs. 2,ENSG00000163734,0.100020926,0.207250568,-111.0821053,111.0821053
1 vs. 2,ENSG00000153815,3.65E-04,0.004967912,109.56,109.56
1 vs. 2,ENSG00000138326,0.080662925,0.181886988,-105.7305263,105.7305263
1 vs. 2,ENSG00000165682,3.67E-04,0.004967912,104.8484211,104.8484211
1 vs. 2,ENSG00000108298,0.415009581,0.575013275,-104.7178947,104.7178947
1 vs. 2,ENSG00000117155,0.015819636,0.056186789,103.3621053,103.3621053
1 vs. 2,ENSG00000063177,0.1055367,0.216241243,-99.74315789,99.74315789
1 vs. 2,ENSG00000197959,0.027817755,0.087644982,97.36631579,97.36631579
1 vs. 2,ENSG00000185650,0.002947812,0.016949921,-95.38315789,95.38315789
1 vs. 2,ENSG00000120738,0.540619292,0.690791317,-94.13684211,94.13684211
1 vs. 2,ENSG00000025708,0.253724122,0.40651384,-92.55789474,92.55789474
1 vs. 2,ENSG00000071051,0.007023889,0.030481027,89.84631579,89.84631579
1 vs. 2,ENSG00000198948,0.002815936,0.016949921,86.29684211,86.29684211
1 vs. 2,ENSG00000197958,0.072954773,0.172985545,-84.25894737,84.25894737
1 vs. 2,ENSG00000136942,0.128247362,0.243775977,-82.69684211,82.69684211
1 vs. 2,ENSG00000144713,0.656267373,0.774463529,-81.89473684,81.89473684
1 vs. 2,ENSG00000184602,0.038650503,0.107287365,78.54105263,78.54105263
1 vs. 2,ENSG00000115935,0.012876011,0.047765848,75.50947368,75.50947368
1 vs. 2,ENSG00000142676,0.164711128,0.291411995,-72.58526316,72.58526316
1 vs. 2,ENSG00000081041,0.005429905,0.024771828,-72.48631579,72.48631579
1 vs. 2,ENSG00000144677,7.63E-04,0.007593922,72.08842105,72.08842105
1 vs. 2,ENSG00000104529,0.391391289,0.552269917,-70.97684211,70.97684211
1 vs. 2,ENSG00000198918,0.759136287,0.813491405,65.24,65.24
1 vs. 2,ENSG00000110700,0.094818916,0.201929172,-64.92842105,64.92842105
1 vs. 2,ENSG00000164919,0.649931524,0.774463529,-63.51157895,63.51157895
1 vs. 2,ENSG00000083845,0.314162492,0.457325146,-62.79157895,62.79157895
1 vs. 2,ENSG00000166091,0.037034565,0.105159875,61.90736842,61.90736842
1 vs. 2,ENSG00000101182,0.682986932,0.793368658,-59.39157895,59.39157895
1 vs. 2,ENSG00000134419,0.051937171,0.132728327,-58.22526316,58.22526316
1 vs. 2,ENSG00000105193,0.306530604,0.452865653,-52.95157895,52.95157895
1 vs. 2,ENSG00000186468,0.03317115,0.096574235,-52.69263158,52.69263158
1 vs. 2,ENSG00000229117,0.565008618,0.706260772,52.14947368,52.14947368
1 vs. 2,ENSG00000161970,0.143304942,0.264791828,-52.14736842,52.14736842
1 vs. 2,ENSG00000122406,0.077972278,0.181147717,-50.86736842,50.86736842
1 vs. 2,ENSG00000177600,0.562572167,0.706260772,-49.94947368,49.94947368
1 vs. 2,ENSG00000142168,0.68980713,0.797264522,-49.09052632,49.09052632
1 vs. 2,ENSG00000172794,8.86E-05,0.00226434,48.40210526,48.40210526
1 vs. 2,ENSG00000006576,0.134081214,0.250720969,-48.16842105,48.16842105
1 vs. 2,ENSG00000160796,0.038716745,0.107287365,-47.01052632,47.01052632
1 vs. 2,ENSG00000106153,0.75958887,0.813491405,-46.04210526,46.04210526
1 vs. 2,ENSG00000059804,0.154211763,0.277819053,-46.00210526,46.00210526
1 vs. 2,ENSG00000009307,0.656610384,0.774463529,-45.2,45.2
1 vs. 2,ENSG00000177200,0.703775881,0.805315685,-43.21894737,43.21894737
1 vs. 2,ENSG00000196182,0.663683321,0.77881206,42.65894737,42.65894737
1 vs. 2,ENSG00000113742,0.448276672,0.606491969,-40.79157895,40.79157895
1 vs. 2,ENSG00000109475,0.575814659,0.715877684,-40.08421053,40.08421053
1 vs. 2,ENSG00000197756,0.234447078,0.385163057,-39.72,39.72
1 vs. 2,ENSG00000070190,0.185130164,0.325037693,39.18105263,39.18105263
1 vs. 2,ENSG00000115268,0.151059308,0.275743181,-38.98315789,38.98315789
1 vs. 2,ENSG00000169554,0.305173332,0.452865653,-38.64631579,38.64631579
1 vs. 2,ENSG00000101745,0.633163988,0.762448782,-38.35157895,38.35157895
1 vs. 2,ENSG00000112695,0.293426828,0.449921137,-38.11789474,38.11789474
1 vs. 2,ENSG00000133606,0.731556291,0.813491405,36.74526316,36.74526316
1 vs. 2,ENSG00000171345,0.75243301,0.813491405,-36.03368421,36.03368421
1 vs. 2,ENSG00000198755,0.111703434,0.223406868,-35.93052632,35.93052632
1 vs. 2,ENSG00000122218,0.297479229,0.452865653,-33.90947368,33.90947368
1 vs. 2,ENSG00000034510,0.125045344,0.240560898,33.84421053,33.84421053
1 vs. 2,ENSG00000118705,0.231706156,0.385163057,-33.74947368,33.74947368
1 vs. 2,ENSG00000075415,0.346147935,0.497587657,-33.05894737,33.05894737
1 vs. 2,ENSG00000115956,0.11482169,0.227663697,-33.01684211,33.01684211
1 vs. 2,ENSG00000140853,0.681174878,0.793368658,-32.77684211,32.77684211
1 vs. 2,ENSG00000090382,0.26593076,0.416082141,-32.08842105,32.08842105
1 vs. 2,ENSG00000092531,0.42344304,0.583185025,-31.84421053,31.84421053
1 vs. 2,ENSG00000147684,0.398890285,0.556677692,-31.37684211,31.37684211
1 vs. 2,ENSG00000138449,0.723087199,0.813491405,31.34315789,31.34315789
1 vs. 2,ENSG00000167004,0.733420804,0.813491405,-31.12631579,31.12631579
1 vs. 2,ENSG00000041353,0.26974508,0.419198435,30.82105263,30.82105263
1 vs. 2,ENSG00000139722,0.72435304,0.813491405,-30.66526316,30.66526316
1 vs. 2,ENSG00000134668,3.89E-05,0.001118183,30.10736842,30.10736842
1 vs. 2,ENSG00000164587,0.87466923,0.927068769,-29.80210526,29.80210526
1 vs. 2,ENSG00000167642,0.009188883,0.037078785,-29.57684211,29.57684211
1 vs. 2,ENSG00000142937,0.187607395,0.32595043,-28.95157895,28.95157895
1 vs. 2,ENSG00000229807,0.303777911,0.452865653,-27.39578947,27.39578947
1 vs. 2,ENSG00000173210,0.035131287,0.101002451,26.73684211,26.73684211
1 vs. 2,ENSG00000115053,0.759087787,0.813491405,-25.64842105,25.64842105
1 vs. 2,ENSG00000196262,0.215785991,0.362268451,23.92210526,23.92210526
1 vs. 2,ENSG00000162614,2.25E-04,0.004304298,22.71368421,22.71368421
1 vs. 2,ENSG00000197956,0.747580695,0.813491405,-22.13052632,22.13052632
1 vs. 2,ENSG00000140022,0.001438508,0.0106728,21.89684211,21.89684211
1 vs. 2,ENSG00000059728,0.760437618,0.813491405,-21.43789474,21.43789474
1 vs. 2,ENSG00000162852,0.021842093,0.071551301,21.00210526,21.00210526
1 vs. 2,ENSG00000154310,0.773386577,0.823513485,20.66947368,20.66947368
1 vs. 2,ENSG00000125356,0.637050421,0.763133317,-20.17894737,20.17894737
1 vs. 2,ENSG00000123739,0.125510034,0.240560898,18.82315789,18.82315789
1 vs. 2,ENSG00000151023,0.189609228,0.32595043,18.29473684,18.29473684
1 vs. 2,ENSG00000128294,0.00100608,0.008570314,17.13894737,17.13894737
1 vs. 2,ENSG00000184113,1.78E-06,1.02E-04,16.45473684,16.45473684
1 vs. 2,ENSG00000048740,0.733411412,0.813491405,-16.37894737,16.37894737
1 vs. 2,ENSG00000125691,0.050377291,0.130188504,-16.34736842,16.34736842
1 vs. 2,ENSG00000074800,0.598915371,0.732715614,16.21894737,16.21894737
1 vs. 2,ENSG00000172809,0.13384444,0.250720969,-16.17684211,16.17684211
1 vs. 2,ENSG00000155366,0.757519908,0.813491405,-16.03578947,16.03578947
1 vs. 2,ENSG00000233927,0.461370579,0.620556918,-15.90736842,15.90736842
1 vs. 2,ENSG00000173542,0.349634438,0.499477768,15.67578947,15.67578947
1 vs. 2,ENSG00000145592,0.61169016,0.740467036,-15.00421053,15.00421053
1 vs. 2,ENSG00000167658,0.908925252,0.937456538,-14.70526316,14.70526316
1 vs. 2,ENSG00000117586,0.057640061,0.145683671,13.75157895,13.75157895
1 vs. 2,ENSG00000151748,0.032786344,0.096574235,13.57894737,13.57894737
1 vs. 2,ENSG00000187800,0.04470656,0.12097069,13.10105263,13.10105263
1 vs. 2,ENSG00000142046,0.019471964,0.066844056,12.52842105,12.52842105
1 vs. 2,ENSG00000090975,0.002822269,0.016949921,12.08631579,12.08631579
1 vs. 2,ENSG00000071082,0.19415019,0.330774398,11.42736842,11.42736842
1 vs. 2,ENSG00000131469,0.030184176,0.092200548,-9.633684211,9.633684211
1 vs. 2,ENSG00000164405,0.52537049,0.682025141,-8.210526316,8.210526316
1 vs. 2,ENSG00000160013,0.485846311,0.649678207,8.138947368,8.138947368
1 vs. 2,ENSG00000135940,0.970837985,0.983668443,-7.917894737,7.917894737
1 vs. 2,ENSG00000047648,0.018316471,0.063830126,7.494736842,7.494736842
1 vs. 2,ENSG00000102362,0.007694508,0.032177035,7.471578947,7.471578947
1 vs. 2,ENSG00000059377,0.047086464,0.123190725,-7.444210526,7.444210526
1 vs. 2,ENSG00000147649,0.88185,0.930392202,-7.383157895,7.383157895
1 vs. 2,ENSG00000105329,4.52E-04,0.005599241,7.183157895,7.183157895
1 vs. 2,ENSG00000134318,0.254513013,0.40651384,7.050526316,7.050526316
1 vs. 2,ENSG00000101040,0.071655416,0.172985545,6.747368421,6.747368421
1 vs. 2,ENSG00000188677,0.00401693,0.020997587,-6.661052632,6.661052632
1 vs. 2,ENSG00000101109,0.516895029,0.679347753,6.349473684,6.349473684
1 vs. 2,ENSG00000143878,0.537916803,0.690791317,-6.273684211,6.273684211
1 vs. 2,ENSG00000008018,0.938192648,0.963322808,-6.273684211,6.273684211
1 vs. 2,ENSG00000142961,0.082581719,0.18440578,-6.172631579,6.172631579
1 vs. 2,ENSG00000171858,0.078781072,0.181196466,-6.077894737,6.077894737
1 vs. 2,ENSG00000197122,0.080228855,0.181886988,-6.048421053,6.048421053
1 vs. 2,ENSG00000116001,0.307161051,0.452865653,5.964210526,5.964210526
1 vs. 2,ENSG00000137145,0.342354717,0.495230094,-5.856842105,5.856842105
1 vs. 2,ENSG00000101470,0.03207397,0.095805366,5.829473684,5.829473684
1 vs. 2,ENSG00000092929,0.898736198,0.93445684,5.810526316,5.810526316
1 vs. 2,ENSG00000119707,0.732749591,0.813491405,5.776842105,5.776842105
1 vs. 2,ENSG00000158552,0.007678745,0.032177035,5.644210526,5.644210526
1 vs. 2,ENSG00000106366,0.00291074,0.016949921,5.589473684,5.589473684
1 vs. 2,ENSG00000143545,0.022087576,0.071551301,5.056842105,5.056842105
1 vs. 2,ENSG00000125753,0.894459568,0.93445684,-4.829473684,4.829473684
1 vs. 2,ENSG00000101236,0.090376279,0.197967088,4.286315789,4.286315789
1 vs. 2,ENSG00000221823,0.399355736,0.556677692,-4.052631579,4.052631579
1 vs. 2,ENSG00000106541,0.947567313,0.968004963,-3.418947368,3.418947368
1 vs. 2,ENSG00000152229,0.039647058,0.108557421,3.271578947,3.271578947
1 vs. 2,ENSG00000112079,0.265202297,0.416082141,3.242105263,3.242105263
1 vs. 2,ENSG00000187764,0.07492848,0.175852555,3.094736842,3.094736842
1 vs. 2,ENSG00000172889,0.124222595,0.240560898,3.012631579,3.012631579
1 vs. 2,ENSG00000120690,0.951170094,0.968004963,-2.654736842,2.654736842
1 vs. 2,ENSG00000143595,0.006808088,0.030112697,2.351578947,2.351578947
1 vs. 2,ENSG00000264364,0.00288442,0.016949921,2.271578947,2.271578947
1 vs. 2,ENSG00000143995,0.003547814,0.019428504,1.955789474,1.955789474
1 vs. 2,ENSG00000087095,0.004481731,0.022408656,1.92,1.92
1 vs. 2,ENSG00000198089,0.072258176,0.172985545,1.917894737,1.917894737
1 vs. 2,ENSG00000170421,0.899281638,0.93445684,-1.595789474,1.595789474
1 vs. 2,ENSG00000107863,0.116019955,0.228073415,-1.381052632,1.381052632
1 vs. 2,ENSG00000068831,0.030466268,0.092200548,0.867368421,0.867368421
1 vs. 2,ENSG00000105993,0.982385044,0.986674935,0.658947368,0.658947368
1 vs. 2,ENSG00000167526,0.990034281,0.990034281,0.616842105,0.616842105
1 vs. 2,ENSG00000069275,0.901953993,0.93445684,0.541052632,0.541052632
1 vs. 2,ENSG00000130402,0.980328995,0.986674935,-0.393684211,0.393684211
1 vs. 2,ENSG00000124766,0.694084269,0.798196909,-0.271578947,0.271578947
1 vs. 2,ENSG00000124145,0.739649789,0.813491405,-0.269473684,0.269473684
1 vs. 3,ENSG00000244734,3.92E-05,7.77E-05,67091.57255,67091.57255
1 vs. 3,ENSG00000163736,2.86E-09,1.24E-08,15738.98431,15738.98431
1 vs. 3,ENSG00000101162,1.19E-07,3.47E-07,7321.512941,7321.512941
1 vs. 3,ENSG00000113140,5.46E-05,1.07E-04,3923.346667,3923.346667
1 vs. 3,ENSG00000158457,3.72E-06,8.57E-06,3746.810196,3746.810196
1 vs. 3,ENSG00000156508,2.83E-09,1.24E-08,-3706.57098,3706.57098
1 vs. 3,ENSG00000095303,1.98E-08,6.59E-08,3471.374118,3471.374118
1 vs. 3,ENSG00000148484,0.24980531,0.299245944,3274.412549,3274.412549
1 vs. 3,ENSG00000101335,0.034958574,0.052210858,3026.551373,3026.551373
1 vs. 3,ENSG00000188536,4.42E-06,9.98E-06,2556.970196,2556.970196
1 vs. 3,ENSG00000171345,1.13E-09,5.61E-09,-2393.363922,2393.363922
1 vs. 3,ENSG00000111644,4.70E-10,2.92E-09,2390.981176,2390.981176
1 vs. 3,ENSG00000154146,1.58E-12,7.25E-11,1759.619608,1759.619608
1 vs. 3,ENSG00000088726,0.021093777,0.033003869,1690.22902,1690.22902
1 vs. 3,ENSG00000170421,7.07E-14,5.42E-12,-1607.927059,1607.927059
1 vs. 3,ENSG00000111057,1.23E-14,2.83E-12,-1593.179608,1593.179608
1 vs. 3,ENSG00000149273,9.15E-11,1.05E-09,-1506.276863,1506.276863
1 vs. 3,ENSG00000137154,2.37E-09,1.07E-08,-1451.374118,1451.374118
1 vs. 3,ENSG00000121766,0.013750877,0.021963207,1400.238431,1400.238431
1 vs. 3,ENSG00000138735,0.1962743,0.245342875,1400.006275,1400.006275
1 vs. 3,ENSG00000089157,1.36E-10,1.25E-09,-1340.378824,1340.378824
1 vs. 3,ENSG00000167642,1.21E-10,1.18E-09,-1294.251765,1294.251765
1 vs. 3,ENSG00000108298,5.82E-09,2.23E-08,-1284.932549,1284.932549
1 vs. 3,ENSG00000156482,8.07E-10,4.57E-09,-1257.543529,1257.543529
1 vs. 3,ENSG00000272398,6.10E-11,9.35E-10,-1228.541176,1228.541176
1 vs. 3,ENSG00000140988,2.56E-10,2.04E-09,-1201.663529,1201.663529
1 vs. 3,ENSG00000162367,7.34E-08,2.19E-07,1200.744314,1200.744314
1 vs. 3,ENSG00000065534,0.067248923,0.093176219,1170.30902,1170.30902
1 vs. 3,ENSG00000100504,0.382702352,0.43360365,1101.858824,1101.858824
1 vs. 3,ENSG00000106541,5.48E-12,1.57E-10,-1058.781176,1058.781176
1 vs. 3,ENSG00000157570,0.268471798,0.316659044,1005.508235,1005.508235
1 vs. 3,ENSG00000109572,0.032295394,0.048548631,997.4996078,997.4996078
1 vs. 3,ENSG00000176783,0.338124044,0.38690811,962.0298039,962.0298039
1 vs. 3,ENSG00000197956,5.20E-05,1.02E-04,-955.8219608,955.8219608
1 vs. 3,ENSG00000108405,1.55E-11,3.24E-10,916.0776471,916.0776471
1 vs. 3,ENSG00000147065,0.046423564,0.067153584,905.8807843,905.8807843
1 vs. 3,ENSG00000185624,9.95E-12,2.54E-10,-872.6972549,872.6972549
1 vs. 3,ENSG00000083845,4.39E-10,2.82E-09,-799.1403922,799.1403922
1 vs. 3,ENSG00000198034,2.43E-11,4.67E-10,-789.214902,789.214902
1 vs. 3,ENSG00000122406,4.48E-09,1.81E-08,-783.5082353,783.5082353
1 vs. 3,ENSG00000074800,2.06E-07,5.56E-07,-773.0070588,773.0070588
1 vs. 3,ENSG00000229117,1.85E-05,3.92E-05,-761.3262745,761.3262745
1 vs. 3,ENSG00000075415,3.97E-10,2.70E-09,-761.2839216,761.2839216
1 vs. 3,ENSG00000162722,0.064103542,0.089356453,753.32,753.32
1 vs. 3,ENSG00000164587,1.06E-10,1.16E-09,-751.9796078,751.9796078
1 vs. 3,ENSG00000164919,4.07E-11,6.68E-10,-742.4486275,742.4486275
1 vs. 3,ENSG00000034510,8.59E-10,4.70E-09,-742.4478431,742.4478431
1 vs. 3,ENSG00000153071,0.151834264,0.195094306,742.2415686,742.2415686
1 vs. 3,ENSG00000196262,3.12E-08,9.97E-08,-735.8611765,735.8611765
1 vs. 3,ENSG00000142937,2.00E-09,9.20E-09,-732.3592157,732.3592157
1 vs. 3,ENSG00000105193,1.28E-09,5.99E-09,-718.1043137,718.1043137
1 vs. 3,ENSG00000129657,0.104006715,0.140792709,709.4839216,709.4839216
1 vs. 3,ENSG00000197958,1.15E-09,5.61E-09,-692.5035294,692.5035294
1 vs. 3,ENSG00000142541,8.78E-08,2.59E-07,-689.9694118,689.9694118
1 vs. 3,ENSG00000167658,1.01E-09,5.17E-09,-675.3058824,675.3058824
1 vs. 3,ENSG00000104529,6.50E-09,2.41E-08,-669.4556863,669.4556863
1 vs. 3,ENSG00000177600,1.46E-07,4.09E-07,-660.7678431,660.7678431
1 vs. 3,ENSG00000142676,2.09E-07,5.60E-07,-640.852549,640.852549
1 vs. 3,ENSG00000019582,0.051105159,0.072556707,-634.9215686,634.9215686
1 vs. 3,ENSG00000102893,0.047339222,0.068050131,614.5333333,614.5333333
1 vs. 3,ENSG00000186468,1.43E-08,4.98E-08,-605.6988235,605.6988235
1 vs. 3,ENSG00000144713,2.04E-06,4.75E-06,-578.9607843,578.9607843
1 vs. 3,ENSG00000088826,2.25E-04,4.21E-04,572.2541176,572.2541176
1 vs. 3,ENSG00000196531,3.99E-10,2.70E-09,-552.025098,552.025098
1 vs. 3,ENSG00000197756,4.69E-12,1.54E-10,-541.72,541.72
1 vs. 3,ENSG00000167004,9.01E-11,1.05E-09,-522.5215686,522.5215686
1 vs. 3,ENSG00000103187,0.168406775,0.215186435,515.9341176,515.9341176
1 vs. 3,ENSG00000163737,3.36E-09,1.38E-08,506.2454902,506.2454902
1 vs. 3,ENSG00000198168,0.232339123,0.284244672,496.6054902,496.6054902
1 vs. 3,ENSG00000113558,1.92E-05,4.02E-05,490.5396078,490.5396078
1 vs. 3,ENSG00000110700,8.15E-10,4.57E-09,-489.0698039,489.0698039
1 vs. 3,ENSG00000125691,3.47E-10,2.58E-09,-482.4196078,482.4196078
1 vs. 3,ENSG00000167526,4.50E-07,1.18E-06,-481.4337255,481.4337255
1 vs. 3,ENSG00000134419,4.41E-10,2.82E-09,-481.2768627,481.2768627
1 vs. 3,ENSG00000198755,1.21E-10,1.18E-09,-474.8376471,474.8376471
1 vs. 3,ENSG00000147684,2.53E-08,8.31E-08,-471.9537255,471.9537255
1 vs. 3,ENSG00000146859,0.149215251,0.193895524,467.7035294,467.7035294
1 vs. 3,ENSG00000186591,0.001802982,0.00314156,455.7678431,455.7678431
1 vs. 3,ENSG00000118705,7.90E-10,4.57E-09,-453.5482353,453.5482353
1 vs. 3,ENSG00000138326,7.73E-11,9.88E-10,-439.1866667,439.1866667
1 vs. 3,ENSG00000133606,0.013265087,0.021335454,438.6596078,438.6596078
1 vs. 3,ENSG00000063177,1.52E-10,1.34E-09,-437.6956863,437.6956863
1 vs. 3,ENSG00000106153,1.68E-08,5.77E-08,-424.3568627,424.3568627
1 vs. 3,ENSG00000106211,4.06E-14,4.67E-12,-421.7286275,421.7286275
1 vs. 3,ENSG00000101182,1.04E-08,3.69E-08,-421.2698039,421.2698039
1 vs. 3,ENSG00000115268,6.00E-09,2.26E-08,-408.3670588,408.3670588
1 vs. 3,ENSG00000124145,1.23E-10,1.18E-09,-407.4211765,407.4211765
1 vs. 3,ENSG00000131469,2.87E-10,2.20E-09,-395.6894118,395.6894118
1 vs. 3,ENSG00000229807,1.25E-04,2.37E-04,-394.452549,394.452549
1 vs. 3,ENSG00000115053,1.32E-11,3.04E-10,-393.8290196,393.8290196
1 vs. 3,ENSG00000161911,1.52E-05,3.30E-05,383.3239216,383.3239216
1 vs. 3,ENSG00000071082,3.25E-09,1.36E-08,-383.2258824,383.2258824
1 vs. 3,ENSG00000171858,7.18E-11,9.88E-10,-372.9984314,372.9984314
1 vs. 3,ENSG00000136942,3.02E-09,1.29E-08,-371.96,371.96
1 vs. 3,ENSG00000164405,1.00E-13,5.77E-12,-366.0392157,366.0392157
1 vs. 3,ENSG00000145592,2.42E-10,2.04E-09,-365.0258824,365.0258824
1 vs. 3,ENSG00000118640,8.52E-05,1.63E-04,362.3592157,362.3592157
1 vs. 3,ENSG00000009307,1.69E-06,4.04E-06,-343.0039216,343.0039216
1 vs. 3,ENSG00000185989,0.554385359,0.598632078,341.9458824,341.9458824
1 vs. 3,ENSG00000108960,0.002358393,0.004047988,334.627451,334.627451
1 vs. 3,ENSG00000174175,3.26E-05,6.53E-05,323.3898039,323.3898039
1 vs. 3,ENSG00000008018,1.53E-07,4.24E-07,-319.9176471,319.9176471
1 vs. 3,ENSG00000155366,5.31E-07,1.36E-06,-312.2494118,312.2494118
1 vs. 3,ENSG00000120738,1.66E-05,3.58E-05,-311.6941176,311.6941176
1 vs. 3,ENSG00000172809,3.73E-10,2.68E-09,-311.2243137,311.2243137
1 vs. 3,ENSG00000163220,0.024859219,0.038373291,-299.3984314,299.3984314
1 vs. 3,ENSG00000109475,3.40E-08,1.05E-07,-295.9294118,295.9294118
1 vs. 3,ENSG00000143878,1.98E-12,7.60E-11,-291.8784314,291.8784314
1 vs. 3,ENSG00000147649,1.31E-07,3.77E-07,-286.9827451,286.9827451
1 vs. 3,ENSG00000130402,7.82E-10,4.57E-09,-270.5278431,270.5278431
1 vs. 3,ENSG00000142168,3.33E-08,1.05E-07,-261.3701961,261.3701961
1 vs. 3,ENSG00000175567,1.37E-05,2.99E-05,-254.3113725,254.3113725
1 vs. 3,ENSG00000166501,2.75E-08,8.89E-08,251.3145098,251.3145098
1 vs. 3,ENSG00000140319,2.65E-05,5.40E-05,239.4180392,239.4180392
1 vs. 3,ENSG00000005249,0.010150317,0.016557255,238.4337255,238.4337255
1 vs. 3,ENSG00000112695,2.57E-10,2.04E-09,-237.7639216,237.7639216
1 vs. 3,ENSG00000146376,0.286696907,0.336430044,236.9011765,236.9011765
1 vs. 3,ENSG00000100664,2.61E-07,6.90E-07,-235.3607843,235.3607843
1 vs. 3,ENSG00000135940,1.20E-09,5.76E-09,-224.6423529,224.6423529
1 vs. 3,ENSG00000171611,1.96E-08,6.59E-08,221.5443137,221.5443137
1 vs. 3,ENSG00000122218,1.34E-07,3.81E-07,-214.6494118,214.6494118
1 vs. 3,ENSG00000161970,7.06E-07,1.78E-06,-207.0627451,207.0627451
1 vs. 3,ENSG00000090382,8.50E-07,2.10E-06,-193.6807843,193.6807843
1 vs. 3,ENSG00000188229,9.45E-06,2.11E-05,-193.1294118,193.1294118
1 vs. 3,ENSG00000124766,4.92E-09,1.95E-08,-185.3262745,185.3262745
1 vs. 3,ENSG00000125356,5.43E-09,2.12E-08,-183.2470588,183.2470588
1 vs. 3,ENSG00000069275,9.43E-10,4.93E-09,-181.9976471,181.9976471
1 vs. 3,ENSG00000125875,0.125093347,0.166309074,179.7921569,179.7921569
1 vs. 3,ENSG00000185650,7.73E-11,9.88E-10,-179.374902,179.374902
1 vs. 3,ENSG00000150681,1.11E-06,2.70E-06,174.5937255,174.5937255
1 vs. 3,ENSG00000144802,1.86E-05,3.92E-05,-168.7952941,168.7952941
1 vs. 3,ENSG00000152256,0.124523797,0.166309074,148.0698039,148.0698039
1 vs. 3,ENSG00000134882,0.012665307,0.020514229,140.292549,140.292549
1 vs. 3,ENSG00000198478,0.100708518,0.137874757,140.1098039,140.1098039
1 vs. 3,ENSG00000123405,2.80E-11,4.96E-10,139.3654902,139.3654902
1 vs. 3,ENSG00000118508,0.104064176,0.140792709,137.5552941,137.5552941
1 vs. 3,ENSG00000125868,1.54E-06,3.72E-06,-132.4666667,132.4666667
1 vs. 3,ENSG00000197461,0.619536979,0.659692154,130.5121569,130.5121569
1 vs. 3,ENSG00000179361,0.238618204,0.290381942,129.8862745,129.8862745
1 vs. 3,ENSG00000108846,0.611754839,0.657493518,121.7968627,121.7968627
1 vs. 3,ENSG00000233927,0.194172027,0.244041346,-119.7835294,119.7835294
1 vs. 3,ENSG00000119707,2.01E-06,4.72E-06,-116.9992157,116.9992157
1 vs. 3,ENSG00000112306,3.05E-05,6.16E-05,-114.6062745,114.6062745
1 vs. 3,ENSG00000101109,0.262022764,0.312255108,-114.0086275,114.0086275
1 vs. 3,ENSG00000168461,0.753533005,0.791381695,112.7662745,112.7662745
1 vs. 3,ENSG00000115935,1.03E-05,2.29E-05,108.8180392,108.8180392
1 vs. 3,ENSG00000165682,1.04E-08,3.69E-08,104.9505882,104.9505882
1 vs. 3,ENSG00000153815,0.027605805,0.042328902,104.7756863,104.7756863
1 vs. 3,ENSG00000013810,0.758636402,0.793119874,101.0415686,101.0415686
1 vs. 3,ENSG00000197959,0.038203678,0.055967171,96.72235294,96.72235294
1 vs. 3,ENSG00000081041,0.246208349,0.296481258,-96.56784314,96.56784314
1 vs. 3,ENSG00000101745,0.007397372,0.012240255,-92.87686275,92.87686275
1 vs. 3,ENSG00000184602,0.494157869,0.541220524,92.2572549,92.2572549
1 vs. 3,ENSG00000117155,0.441019413,0.49002157,88.63764706,88.63764706
1 vs. 3,ENSG00000071051,0.524558093,0.569096045,78.20235294,78.20235294
1 vs. 3,ENSG00000177200,0.023403886,0.036370904,-70.95372549,70.95372549
1 vs. 3,ENSG00000198948,0.353680937,0.402706017,67.89333333,67.89333333
1 vs. 3,ENSG00000166091,0.006423985,0.010784793,61.86196078,61.86196078
1 vs. 3,ENSG00000143545,8.16E-07,2.04E-06,-61.09176471,61.09176471
1 vs. 3,ENSG00000106366,0.001774964,0.003116349,-60.70980392,60.70980392
1 vs. 3,ENSG00000129355,0.005666326,0.009582758,58.53647059,58.53647059
1 vs. 3,ENSG00000144677,0.775453438,0.80703299,53.11215686,53.11215686
1 vs. 3,ENSG00000116001,0.018027406,0.028595196,-51.09254902,51.09254902
1 vs. 3,ENSG00000139722,2.12E-05,4.38E-05,-49.34431373,49.34431373
1 vs. 3,ENSG00000197122,0.042562212,0.061957651,-47.62117647,47.62117647
1 vs. 3,ENSG00000172794,3.73E-08,1.13E-07,47.44235294,47.44235294
1 vs. 3,ENSG00000101040,0.075517014,0.104005468,-41.45490196,41.45490196
1 vs. 3,ENSG00000172889,0.129823999,0.171606436,-40.84392157,40.84392157
1 vs. 3,ENSG00000196182,0.321232058,0.37314835,36.88392157,36.88392157
1 vs. 3,ENSG00000059804,1.70E-06,4.04E-06,35.15372549,35.15372549
1 vs. 3,ENSG00000134318,0.029340275,0.044396468,-35.10117647,35.10117647
1 vs. 3,ENSG00000112079,0.020873494,0.032882902,-32.85490196,32.85490196
1 vs. 3,ENSG00000059728,0.006594838,0.010991396,-30.80941176,30.80941176
1 vs. 3,ENSG00000131171,0.004001126,0.006816734,29.0745098,29.0745098
1 vs. 3,ENSG00000128294,0.037985848,0.055967171,27.20705882,27.20705882
1 vs. 3,ENSG00000187764,0.135402931,0.176947012,-26.68235294,26.68235294
1 vs. 3,ENSG00000134668,4.63E-07,1.20E-06,26.57176471,26.57176471
1 vs. 3,ENSG00000163734,5.96E-04,0.001105715,-26.02431373,26.02431373
1 vs. 3,ENSG00000101236,0.226473664,0.278550496,-25.74980392,25.74980392
1 vs. 3,ENSG00000025708,0.706303298,0.745182379,-25.57647059,25.57647059
1 vs. 3,ENSG00000115956,1.98E-07,5.43E-07,24.22980392,24.22980392
1 vs. 3,ENSG00000159023,0.870266116,0.881767431,22.60705882,22.60705882
1 vs. 3,ENSG00000162614,0.001059669,0.001919085,22.49490196,22.49490196
1 vs. 3,ENSG00000006576,0.329858607,0.381243617,-22.11372549,22.11372549
1 vs. 3,ENSG00000173210,0.178849372,0.226018438,21.1372549,21.1372549
1 vs. 3,ENSG00000154310,0.210764602,0.262031667,19.72313725,19.72313725
1 vs. 3,ENSG00000137145,0.214146206,0.264804449,-19.55137255,19.55137255
1 vs. 3,ENSG00000151023,0.001006801,0.001852514,18.38039216,18.38039216
1 vs. 3,ENSG00000113742,0.049010997,0.07001571,-18.14039216,18.14039216
1 vs. 3,ENSG00000160796,0.448054073,0.495444408,-18.01568627,18.01568627
1 vs. 3,ENSG00000105993,0.059830744,0.08390897,-17.92,17.92
1 vs. 3,ENSG00000092531,0.415368945,0.468308124,-17.70901961,17.70901961
1 vs. 3,ENSG00000184113,1.01E-08,3.69E-08,16.22666667,16.22666667
1 vs. 3,ENSG00000125753,0.029128167,0.044367406,-16.04,16.04
1 vs. 3,ENSG00000070190,0.950819923,0.956485833,15.01490196,15.01490196
1 vs. 3,ENSG00000158552,0.484054694,0.532691769,-14.3145098,14.3145098
1 vs. 3,ENSG00000117586,7.19E-05,1.39E-04,13.92392157,13.92392157
1 vs. 3,ENSG00000151748,0.508936922,0.554765365,-13.2745098,13.2745098
1 vs. 3,ENSG00000048740,0.132953602,0.17473902,-12.87843137,12.87843137
1 vs. 3,ENSG00000187800,0.001928621,0.003335209,12.01333333,12.01333333
1 vs. 3,ENSG00000221823,0.037858361,0.055967171,-12,12
1 vs. 3,ENSG00000142046,0.0086572,0.014222543,11.70901961,11.70901961
1 vs. 3,ENSG00000160013,2.41E-05,4.95E-05,11.14823529,11.14823529
1 vs. 3,ENSG00000198089,0.698828137,0.740693418,-10.90666667,10.90666667
1 vs. 3,ENSG00000087095,0.319522833,0.373046962,-10.84470588,10.84470588
1 vs. 3,ENSG00000092929,0.616766563,0.659692154,-9.498039216,9.498039216
1 vs. 3,ENSG00000090975,0.267580507,0.316659044,8.893333333,8.893333333
1 vs. 3,ENSG00000123739,0.332784702,0.382702407,-8.655686275,8.655686275
1 vs. 3,ENSG00000068831,3.41E-08,1.05E-07,8.410196078,8.410196078
1 vs. 3,ENSG00000143995,2.07E-04,3.91E-04,7.875294118,7.875294118
1 vs. 3,ENSG00000169554,0.00105832,0.001919085,7.605490196,7.605490196
1 vs. 3,ENSG00000101470,0.830595758,0.849053441,-7.352156863,7.352156863
1 vs. 3,ENSG00000105329,4.06E-06,9.25E-06,7.351372549,7.351372549
1 vs. 3,ENSG00000138449,0.174918715,0.2222724,-6.763137255,6.763137255
1 vs. 3,ENSG00000162852,0.81277308,0.834543788,5.944313725,5.944313725
1 vs. 3,ENSG00000152229,0.438208334,0.489261732,5.934117647,5.934117647
1 vs. 3,ENSG00000188677,0.001312364,0.002339875,5.877647059,5.877647059
1 vs. 3,ENSG00000047648,0.001079207,0.0019392,5.854901961,5.854901961
1 vs. 3,ENSG00000120690,0.05894444,0.083173136,-5.799215686,5.799215686
1 vs. 3,ENSG00000140022,0.243230113,0.294436452,5.689411765,5.689411765
1 vs. 3,ENSG00000264364,0.798430972,0.827203259,-5.497254902,5.497254902
1 vs. 3,ENSG00000198918,0.150275775,0.194176563,-3.897254902,3.897254902
1 vs. 3,ENSG00000107863,0.981201727,0.981201727,3.883137255,3.883137255
1 vs. 3,ENSG00000140853,0.805800762,0.831094956,-3.647843137,3.647843137
1 vs. 3,ENSG00000102362,0.863936401,0.879227311,-3.061960784,3.061960784
1 vs. 3,ENSG00000041353,0.42885102,0.481149925,-2.717647059,2.717647059
1 vs. 3,ENSG00000143595,8.88E-10,4.75E-09,2.680784314,2.680784314
1 vs. 3,ENSG00000173542,0.952327199,0.956485833,2.516862745,2.516862745
1 vs. 3,ENSG00000059377,0.001551074,0.002744209,2.200784314,2.200784314
1 vs. 3,ENSG00000142961,0.112196635,0.150907754,-0.982745098,0.982745098
1 vs. 4,ENSG00000244734,1.09E-10,8.35E-09,-73288.47835,73288.47835
1 vs. 4,ENSG00000163736,0.156520199,0.222220036,-12350.8701,12350.8701
1 vs. 4,ENSG00000101162,4.95E-04,0.001963135,-3825.551753,3825.551753
1 vs. 4,ENSG00000188536,2.10E-09,8.07E-08,-3737.449072,3737.449072
1 vs. 4,ENSG00000113140,0.009449807,0.020504298,-3474.576907,3474.576907
1 vs. 4,ENSG00000148484,0.125312887,0.183579389,-3250.380206,3250.380206
1 vs. 4,ENSG00000095303,0.044931569,0.073292631,-3079.729485,3079.729485
1 vs. 4,ENSG00000101335,0.033309885,0.057173683,-2931.738557,2931.738557
1 vs. 4,ENSG00000158457,0.192140435,0.259954706,-2643.381856,2643.381856
1 vs. 4,ENSG00000121766,0.210241053,0.279511226,-1455.376495,1455.376495
1 vs. 4,ENSG00000108846,0.003353514,0.008764865,1437.916701,1437.916701
1 vs. 4,ENSG00000111644,0.019353291,0.036563309,-1306.689485,1306.689485
1 vs. 4,ENSG00000138735,1.06E-04,5.66E-04,-1257.350928,1257.350928
1 vs. 4,ENSG00000154146,0.401313387,0.478249114,-1129.569072,1129.569072
1 vs. 4,ENSG00000059804,6.79E-04,0.002602112,1107.242474,1107.242474
1 vs. 4,ENSG00000162367,0.001419772,0.004873845,-982.7125773,982.7125773
1 vs. 4,ENSG00000065534,0.005380425,0.013306428,-979.8321649,979.8321649
1 vs. 4,ENSG00000100504,0.002764316,0.007660153,-903.3257732,903.3257732
1 vs. 4,ENSG00000123405,0.016622047,0.032495038,878.4630928,878.4630928
1 vs. 4,ENSG00000109572,0.002857294,0.007823544,-855.7480412,855.7480412
1 vs. 4,ENSG00000157570,0.086158463,0.132996286,-795.363299,795.363299
1 vs. 4,ENSG00000113558,0.429204454,0.508850642,-794.6127835,794.6127835
1 vs. 4,ENSG00000108405,0.188624332,0.25757138,-743.9393814,743.9393814
1 vs. 4,ENSG00000140319,0.477039393,0.554136669,-591.8457732,591.8457732
1 vs. 4,ENSG00000147065,0.005358713,0.013306428,-547.7653608,547.7653608
1 vs. 4,ENSG00000129657,0.119108402,0.176741499,-542.3191753,542.3191753
1 vs. 4,ENSG00000103187,0.618325727,0.677213891,-518.1451546,518.1451546
1 vs. 4,ENSG00000102893,0.00254249,0.007346272,-514.9525773,514.9525773
1 vs. 4,ENSG00000118640,0.33250896,0.406792876,-509.8457732,509.8457732
1 vs. 4,ENSG00000198168,0.132672557,0.193130937,-499.5501031,499.5501031
1 vs. 4,ENSG00000118508,0.111711933,0.166842497,489.3397938,489.3397938
1 vs. 4,ENSG00000143995,0.045854113,0.074270746,454.2053608,454.2053608
1 vs. 4,ENSG00000152229,0.226527405,0.296030132,443.2569072,443.2569072
1 vs. 4,ENSG00000088826,0.039343536,0.065100816,-440.3208247,440.3208247
1 vs. 4,ENSG00000133606,0.01916136,0.036563309,-412.825567,412.825567
1 vs. 4,ENSG00000112306,5.02E-08,9.51E-07,-395.0593814,395.0593814
1 vs. 4,ENSG00000123739,1.73E-04,8.45E-04,393.2647423,393.2647423
1 vs. 4,ENSG00000115956,0.019394451,0.036563309,363.3934021,363.3934021
1 vs. 4,ENSG00000162722,2.84E-04,0.001282578,-357.1138144,357.1138144
1 vs. 4,ENSG00000162852,1.64E-04,8.20E-04,345.0668041,345.0668041
1 vs. 4,ENSG00000185989,0.002224611,0.006831583,-315.3637113,315.3637113
1 vs. 4,ENSG00000186591,0.003513802,0.009080612,-307.0053608,307.0053608
1 vs. 4,ENSG00000153071,4.27E-04,0.001728492,-298.0416495,298.0416495
1 vs. 4,ENSG00000198948,0.013030525,0.026289655,297.5534021,297.5534021
1 vs. 4,ENSG00000041353,3.36E-06,2.76E-05,292.6,292.6
1 vs. 4,ENSG00000019582,5.39E-06,4.27E-05,-266.2886598,266.2886598
1 vs. 4,ENSG00000128294,0.046909718,0.075449197,250.3472165,250.3472165
1 vs. 4,ENSG00000088726,0.004364347,0.011030766,-246.0202062,246.0202062
1 vs. 4,ENSG00000048740,0.022844396,0.041700087,223.5731959,223.5731959
1 vs. 4,ENSG00000131171,0.251616102,0.322285476,-218.3360825,218.3360825
1 vs. 4,ENSG00000229117,0.008993906,0.019890369,-186.1950515,186.1950515
1 vs. 4,ENSG00000108960,0.010571755,0.022307373,-164.6082474,164.6082474
1 vs. 4,ENSG00000146376,0.009980199,0.021452765,-164.4857732,164.4857732
1 vs. 4,ENSG00000150681,0.001291594,0.004501008,156.8024742,156.8024742
1 vs. 4,ENSG00000034510,9.00E-10,5.17E-08,-156.4692784,156.4692784
1 vs. 4,ENSG00000272398,0.503733308,0.573557727,-155.956701,155.956701
1 vs. 4,ENSG00000142961,0.008561932,0.019568424,148.1612371,148.1612371
1 vs. 4,ENSG00000100664,0.344848769,0.419657232,145.4824742,145.4824742
1 vs. 4,ENSG00000162614,0.002197199,0.006831583,141.3991753,141.3991753
1 vs. 4,ENSG00000146859,0.283927176,0.35490897,-134.2923711,134.2923711
1 vs. 4,ENSG00000167526,2.94E-09,9.67E-08,-134.2923711,134.2923711
1 vs. 4,ENSG00000013810,0.012644592,0.02573678,128.7769072,128.7769072
1 vs. 4,ENSG00000197461,0.030557762,0.053244586,-127.3880412,127.3880412
1 vs. 4,ENSG00000102362,0.015590393,0.030911986,125.4383505,125.4383505
1 vs. 4,ENSG00000101109,0.02384974,0.043192442,124.8317526,124.8317526
1 vs. 4,ENSG00000144677,0.050831125,0.081188603,122.9501031,122.9501031
1 vs. 4,ENSG00000117155,0.028837598,0.050630897,122.1604124,122.1604124
1 vs. 4,ENSG00000188677,0.221370814,0.290944499,120.1265979,120.1265979
1 vs. 4,ENSG00000176783,0.002608462,0.007406744,-116.0251546,116.0251546
1 vs. 4,ENSG00000187800,0.001518319,0.004988764,110.7220619,110.7220619
1 vs. 4,ENSG00000092929,1.19E-04,6.21E-04,108.8020619,108.8020619
1 vs. 4,ENSG00000101040,0.001215912,0.004302459,105.8907216,105.8907216
1 vs. 4,ENSG00000105993,0.073587947,0.115137604,104.7035052,104.7035052
1 vs. 4,ENSG00000198918,9.25E-08,1.33E-06,-100.3430928,100.3430928
1 vs. 4,ENSG00000168461,0.486306948,0.55925299,95.50762887,95.50762887
1 vs. 4,ENSG00000198089,0.033936136,0.057817121,92.99257732,92.99257732
1 vs. 4,ENSG00000134882,0.187343557,0.25757138,-92.43546392,92.43546392
1 vs. 4,ENSG00000152256,0.006397225,0.015168677,-91.96206186,91.96206186
1 vs. 4,ENSG00000198478,0.373518675,0.452154185,-91.76494845,91.76494845
1 vs. 4,ENSG00000140853,0.008678171,0.019568424,84.63793814,84.63793814
1 vs. 4,ENSG00000151748,0.006306625,0.015109621,83.53608247,83.53608247
1 vs. 4,ENSG00000125875,0.592038181,0.656431024,-83.48247423,83.48247423
1 vs. 4,ENSG00000074800,0.443563679,0.523177672,-81.4028866,81.4028866
1 vs. 4,ENSG00000172889,0.174678876,0.243491766,79.13278351,79.13278351
1 vs. 4,ENSG00000158552,0.385121794,0.461343815,76.61731959,76.61731959
1 vs. 4,ENSG00000005249,5.08E-04,0.00197922,76.58103093,76.58103093
1 vs. 4,ENSG00000140022,0.011388321,0.023597422,75.79876289,75.79876289
1 vs. 4,ENSG00000163737,0.012394207,0.025452389,-74.89113402,74.89113402
1 vs. 4,ENSG00000174175,0.009135755,0.020011654,-70.6428866,70.6428866
1 vs. 4,ENSG00000196262,0.506632604,0.574017236,-66.48206186,66.48206186
1 vs. 4,ENSG00000122218,0.150275468,0.21467924,65.55298969,65.55298969
1 vs. 4,ENSG00000171611,0.004301712,0.010993265,-65.12082474,65.12082474
1 vs. 4,ENSG00000169554,0.084102948,0.130700527,64.70762887,64.70762887
1 vs. 4,ENSG00000059377,0.058270133,0.092428486,64.11051546,64.11051546
1 vs. 4,ENSG00000160013,1.04E-04,5.66E-04,61.9657732,61.9657732
1 vs. 4,ENSG00000165682,0.006181879,0.014966654,55.08701031,55.08701031
1 vs. 4,ENSG00000106366,0.001043733,0.003750915,54.71546392,54.71546392
1 vs. 4,ENSG00000188229,0.295718326,0.367649811,54.66185567,54.66185567
1 vs. 4,ENSG00000137145,0.038897516,0.064829193,54.40865979,54.40865979
1 vs. 4,ENSG00000101745,0.473708509,0.553060696,54.22515464,54.22515464
1 vs. 4,ENSG00000006576,0.122785078,0.181029281,50.54226804,50.54226804
1 vs. 4,ENSG00000115935,0.026445137,0.047150245,-50.17360825,50.17360825
1 vs. 4,ENSG00000070190,9.71E-04,0.003544899,47.42556701,47.42556701
1 vs. 4,ENSG00000071082,1.34E-04,6.85E-04,-47.30474227,47.30474227
1 vs. 4,ENSG00000117586,0.019259779,0.036563309,46.2614433,46.2614433
1 vs. 4,ENSG00000008018,0.016671367,0.032495038,-45.70515464,45.70515464
1 vs. 4,ENSG00000166091,8.74E-04,0.003296332,-45.14556701,45.14556701
1 vs. 4,ENSG00000184602,0.196656812,0.262971318,45.00371134,45.00371134
1 vs. 4,ENSG00000142168,0.447506921,0.525135673,-44.31587629,44.31587629
1 vs. 4,ENSG00000071051,0.022265686,0.040968862,-44.27876289,44.27876289
1 vs. 4,ENSG00000068831,0.00604713,0.01479617,43.85319588,43.85319588
1 vs. 4,ENSG00000075415,0.252223416,0.322285476,38.46969072,38.46969072
1 vs. 4,ENSG00000179361,0.041898859,0.068833839,-35.65360825,35.65360825
1 vs. 4,ENSG00000184113,0.101444756,0.153501934,32.45030928,32.45030928
1 vs. 4,ENSG00000090975,0.218038226,0.288211448,29.62556701,29.62556701
1 vs. 4,ENSG00000159023,0.024269076,0.043608497,28.00907216,28.00907216
1 vs. 4,ENSG00000129355,0.574670787,0.641622723,26.12453608,26.12453608
1 vs. 4,ENSG00000143878,3.71E-04,0.001580499,25.89278351,25.89278351
1 vs. 4,ENSG00000116001,0.138323122,0.200090051,25.08082474,25.08082474
1 vs. 4,ENSG00000163734,0.002652746,0.007440628,24.98226804,24.98226804
1 vs. 4,ENSG00000134668,0.874659114,0.902114781,24.32453608,24.32453608
1 vs. 4,ENSG00000059728,2.66E-04,0.00122365,22.74391753,22.74391753
1 vs. 4,ENSG00000124145,0.008768225,0.019579531,22.0985567,22.0985567
1 vs. 4,ENSG00000196182,0.239932315,0.310024901,-22.01814433,22.01814433
1 vs. 4,ENSG00000151023,4.42E-05,2.75E-04,21.88865979,21.88865979
1 vs. 4,ENSG00000009307,0.257424078,0.326557481,-21.26391753,21.26391753
1 vs. 4,ENSG00000173210,0.013760469,0.027520937,19.79381443,19.79381443
1 vs. 4,ENSG00000138449,0.003268805,0.008641669,18.97154639,18.97154639
1 vs. 4,ENSG00000166501,0.258406354,0.326557481,18.89814433,18.89814433
1 vs. 4,ENSG00000113742,0.00726843,0.016886252,18.25278351,18.25278351
1 vs. 4,ENSG00000089157,6.03E-06,4.48E-05,-17.21608247,17.21608247
1 vs. 4,ENSG00000137154,7.00E-06,5.03E-05,-16.89938144,16.89938144
1 vs. 4,ENSG00000134318,2.65E-04,0.00122365,16.73731959,16.73731959
1 vs. 4,ENSG00000164587,7.26E-07,8.16E-06,-16.72041237,16.72041237
1 vs. 4,ENSG00000163220,1.30E-12,2.99E-10,-15.97896907,15.97896907
1 vs. 4,ENSG00000177600,3.85E-11,4.43E-09,-15.74721649,15.74721649
1 vs. 4,ENSG00000101236,0.0066665,0.015645868,15.06474227,15.06474227
1 vs. 4,ENSG00000105329,0.02006145,0.037358576,15.03876289,15.03876289
1 vs. 4,ENSG00000186468,3.61E-04,0.001565678,-14.62804124,14.62804124
1 vs. 4,ENSG00000122406,0.001476037,0.004983438,-14.29649485,14.29649485
1 vs. 4,ENSG00000167642,0.377743623,0.45487452,13.87092784,13.87092784
1 vs. 4,ENSG00000142676,1.72E-05,1.16E-04,-12.94268041,12.94268041
1 vs. 4,ENSG00000144713,4.34E-09,1.11E-07,-12.40206186,12.40206186
1 vs. 4,ENSG00000125868,0.85463877,0.889443064,12.24329897,12.24329897
1 vs. 4,ENSG00000197756,1.73E-06,1.53E-05,-11.8985567,11.8985567
1 vs. 4,ENSG00000197956,6.02E-06,4.48E-05,-11.65731959,11.65731959
1 vs. 4,ENSG00000087095,3.59E-04,0.001565678,11.61608247,11.61608247
1 vs. 4,ENSG00000047648,4.15E-04,0.001728492,11.53402062,11.53402062
1 vs. 4,ENSG00000101182,0.749107502,0.79398491,11.50226804,11.50226804
1 vs. 4,ENSG00000109475,6.26E-09,1.44E-07,-11.35257732,11.35257732
1 vs. 4,ENSG00000092531,0.196524581,0.262971318,11.02597938,11.02597938
1 vs. 4,ENSG00000110700,1.25E-06,1.15E-05,-10.90391753,10.90391753
1 vs. 4,ENSG00000156508,0.020141145,0.037358576,10.89319588,10.89319588
1 vs. 4,ENSG00000142541,2.45E-04,0.001175083,-10.78680412,10.78680412
1 vs. 4,ENSG00000112079,0.101162522,0.153501934,10.46597938,10.46597938
1 vs. 4,ENSG00000140988,1.01E-07,1.37E-06,-10.43835052,10.43835052
1 vs. 4,ENSG00000081041,0.067026039,0.105588966,10.38268041,10.38268041
1 vs. 4,ENSG00000120738,0.825080348,0.866274882,10.18350515,10.18350515
1 vs. 4,ENSG00000156482,1.16E-07,1.49E-06,-10.11505155,10.11505155
1 vs. 4,ENSG00000069275,0.8826753,0.906318388,10.06556701,10.06556701
1 vs. 4,ENSG00000144802,0.23664753,0.30750809,10.04453608,10.04453608
1 vs. 4,ENSG00000142046,0.49004864,0.560752175,10.01525773,10.01525773
1 vs. 4,ENSG00000063177,8.86E-05,4.97E-04,-9.654020619,9.654020619
1 vs. 4,ENSG00000108298,2.34E-06,1.99E-05,-9.398762887,9.398762887
1 vs. 4,ENSG00000172794,0.909173939,0.923877254,-9.353814433,9.353814433
1 vs. 4,ENSG00000173542,0.002437535,0.007187602,9.248247423,9.248247423
1 vs. 4,ENSG00000149273,0.002555225,0.007346272,-9.106804124,9.106804124
1 vs. 4,ENSG00000090382,6.12E-08,1.01E-06,-9.053195876,9.053195876
1 vs. 4,ENSG00000153815,0.003200593,0.008559725,-8.838350515,8.838350515
1 vs. 4,ENSG00000119707,0.002257392,0.006831583,-8.761649485,8.761649485
1 vs. 4,ENSG00000197958,9.51E-07,9.11E-06,-8.660206186,8.660206186
1 vs. 4,ENSG00000143595,0.911826681,0.923877254,8.506804124,8.506804124
1 vs. 4,ENSG00000198034,8.04E-07,8.34E-06,-8.349278351,8.349278351
1 vs. 4,ENSG00000177200,0.003134026,0.008480305,7.918350515,7.918350515
1 vs. 4,ENSG00000155366,0.737621468,0.788246592,7.812783505,7.812783505
1 vs. 4,ENSG00000147684,0.094937659,0.145571077,7.423505155,7.423505155
1 vs. 4,ENSG00000105193,7.45E-07,8.16E-06,-7.288247423,7.288247423
1 vs. 4,ENSG00000161970,2.09E-05,1.37E-04,6.911340206,6.911340206
1 vs. 4,ENSG00000115268,0.001558546,0.00504881,-6.898556701,6.898556701
1 vs. 4,ENSG00000145592,2.16E-08,4.52E-07,-6.855257732,6.855257732
1 vs. 4,ENSG00000142937,8.88E-06,6.19E-05,6.608659794,6.608659794
1 vs. 4,ENSG00000197122,0.032377998,0.055992027,6.597525773,6.597525773
1 vs. 4,ENSG00000196531,0.002232209,0.006831583,6.372783505,6.372783505
1 vs. 4,ENSG00000233927,7.68E-08,1.18E-06,-6.266804124,6.266804124
1 vs. 4,ENSG00000125753,0.165716475,0.233833062,5.957525773,5.957525773
1 vs. 4,ENSG00000125691,4.79E-05,2.90E-04,-5.72371134,5.72371134
1 vs. 4,ENSG00000106211,0.189258971,0.25757138,5.562061856,5.562061856
1 vs. 4,ENSG00000136942,4.22E-09,1.11E-07,-5.483298969,5.483298969
1 vs. 4,ENSG00000160796,0.170320549,0.238864185,5.336082474,5.336082474
1 vs. 4,ENSG00000175567,0.632295014,0.689231532,5.209896907,5.209896907
1 vs. 4,ENSG00000167004,0.918210817,0.926265298,5.177319588,5.177319588
1 vs. 4,ENSG00000131469,0.010226314,0.021778261,-5.118350515,5.118350515
1 vs. 4,ENSG00000185650,0.548706742,0.615622199,5.037525773,5.037525773
1 vs. 4,ENSG00000161911,0.482315787,0.557450408,4.923298969,4.923298969
1 vs. 4,ENSG00000134419,0.107050902,0.160926193,-4.88,4.88
1 vs. 4,ENSG00000172809,5.76E-05,3.39E-04,-4.74556701,4.74556701
1 vs. 4,ENSG00000104529,1.53E-09,7.02E-08,-4.223917526,4.223917526
1 vs. 4,ENSG00000106153,0.035553708,0.060127594,-3.934020619,3.934020619
1 vs. 4,ENSG00000198755,4.28E-04,0.001728492,-3.898556701,3.898556701
1 vs. 4,ENSG00000111057,0.901422049,0.92145365,3.696082474,3.696082474
1 vs. 4,ENSG00000125356,0.605437331,0.666270747,-3.544329897,3.544329897
1 vs. 4,ENSG00000115053,2.62E-05,1.67E-04,-3.379793814,3.379793814
1 vs. 4,ENSG00000083845,4.73E-07,5.72E-06,-3.252371134,3.252371134
1 vs. 4,ENSG00000171858,5.38E-08,9.51E-07,-2.842886598,2.842886598
1 vs. 4,ENSG00000118705,0.188945298,0.25757138,-2.761649485,2.761649485
1 vs. 4,ENSG00000138326,6.96E-05,4.00E-04,-2.624329897,2.624329897
1 vs. 4,ENSG00000221823,0.008637997,0.019568424,2.618556701,2.618556701
1 vs. 4,ENSG00000185624,0.541681458,0.610719291,2.529072165,2.529072165
1 vs. 4,ENSG00000154310,0.036234078,0.060830934,2.501443299,2.501443299
1 vs. 4,ENSG00000025708,8.34E-07,8.34E-06,-2.383505155,2.383505155
1 vs. 4,ENSG00000101470,0.721637631,0.775591846,-2.112164948,2.112164948
1 vs. 4,ENSG00000135940,0.144409905,0.207589238,-1.889484536,1.889484536
1 vs. 4,ENSG00000187764,0.01076636,0.022511479,-1.849484536,1.849484536
1 vs. 4,ENSG00000167658,0.001986738,0.006346525,-1.802061856,1.802061856
1 vs. 4,ENSG00000120690,9.14E-04,0.00338927,1.254845361,1.254845361
1 vs. 4,ENSG00000164405,0.028091731,0.049700755,-1.206185567,1.206185567
1 vs. 4,ENSG00000130402,0.740266365,0.788246592,-0.915051546,0.915051546
1 vs. 4,ENSG00000170421,0.828610757,0.866274882,-0.884948454,0.884948454
1 vs. 4,ENSG00000229807,0.815164075,0.860035492,0.729484536,0.729484536
1 vs. 4,ENSG00000143545,0.992695303,0.992695303,-0.701443299,0.701443299
1 vs. 4,ENSG00000124766,0.704733406,0.764569261,0.650309278,0.650309278
1 vs. 4,ENSG00000147649,0.32089549,0.394684292,-0.622268041,0.622268041
1 vs. 4,ENSG00000164919,0.297621881,0.368027057,-0.614845361,0.614845361
1 vs. 4,ENSG00000112695,0.711992516,0.768818209,-0.555463918,0.555463918
1 vs. 4,ENSG00000264364,0.59364197,0.656431024,-0.547216495,0.547216495
1 vs. 4,ENSG00000107863,0.280143168,0.352092506,0.485773196,0.485773196
1 vs. 4,ENSG00000139722,0.001495031,0.004983438,0.384742268,0.384742268
1 vs. 4,ENSG00000197959,0.002383731,0.007120237,0.28371134,0.28371134
1 vs. 4,ENSG00000106541,0.945324426,0.94945248,0.077113402,0.077113402
1 vs. 4,ENSG00000171345,0.866890987,0.898130302,-0.058556701,0.058556701
2 vs. 3,ENSG00000244734,0.162709731,0.220280172,-216498.162,216498.162
2 vs. 3,ENSG00000156508,5.04E-05,1.59E-04,3395.135191,3395.135191
2 vs. 3,ENSG00000171345,3.83E-08,3.67E-07,2357.330237,2357.330237
2 vs. 3,ENSG00000170421,2.08E-12,4.78E-10,1606.331269,1606.331269
2 vs. 3,ENSG00000111057,1.26E-11,1.09E-09,1469.651187,1469.651187
2 vs. 3,ENSG00000272398,1.20E-09,2.30E-08,1381.73065,1381.73065
2 vs. 3,ENSG00000137154,4.77E-05,1.52E-04,1319.71517,1319.71517
2 vs. 3,ENSG00000149273,1.85E-05,6.77E-05,1312.946336,1312.946336
2 vs. 3,ENSG00000167642,1.64E-10,9.42E-09,1264.674923,1264.674923
2 vs. 3,ENSG00000108298,1.51E-05,5.71E-05,1180.214654,1180.214654
2 vs. 3,ENSG00000156482,2.28E-07,1.55E-06,1144.770898,1144.770898
2 vs. 3,ENSG00000089157,6.93E-05,2.04E-04,1114.585139,1114.585139
2 vs. 3,ENSG00000188536,0.297348465,0.37371665,1074.983488,1074.983488
2 vs. 3,ENSG00000106541,7.20E-09,1.03E-07,1055.362229,1055.362229
2 vs. 3,ENSG00000140988,6.21E-05,1.88E-04,939.876161,939.876161
2 vs. 3,ENSG00000197956,0.001136457,0.002677705,933.6914345,933.6914345
2 vs. 3,ENSG00000229117,2.44E-05,8.26E-05,813.4757482,813.4757482
2 vs. 3,ENSG00000019582,0.008596997,0.017178814,810.1847265,810.1847265
2 vs. 3,ENSG00000074800,1.50E-07,1.08E-06,789.2260062,789.2260062
2 vs. 3,ENSG00000034510,4.32E-07,2.62E-06,776.2920537,776.2920537
2 vs. 3,ENSG00000196262,1.52E-05,5.71E-05,759.7832817,759.7832817
2 vs. 3,ENSG00000185624,2.47E-08,2.47E-07,750.505676,750.505676
2 vs. 3,ENSG00000083845,5.97E-08,5.09E-07,736.3488132,736.3488132
2 vs. 3,ENSG00000122406,2.10E-05,7.55E-05,732.6408669,732.6408669
2 vs. 3,ENSG00000075415,6.91E-10,1.77E-08,728.2249742,728.2249742
2 vs. 3,ENSG00000164587,9.82E-08,7.53E-07,722.1775026,722.1775026
2 vs. 3,ENSG00000142937,8.00E-06,3.17E-05,703.4076367,703.4076367
2 vs. 3,ENSG00000164919,1.08E-08,1.39E-07,678.9370485,678.9370485
2 vs. 3,ENSG00000105193,3.99E-06,1.91E-05,665.1527348,665.1527348
2 vs. 3,ENSG00000167658,7.22E-08,5.93E-07,660.6006192,660.6006192
2 vs. 3,ENSG00000198034,2.30E-06,1.15E-05,651.4654283,651.4654283
2 vs. 3,ENSG00000177600,9.90E-06,3.86E-05,610.8183695,610.8183695
2 vs. 3,ENSG00000197958,6.09E-05,1.87E-04,608.244582,608.244582
2 vs. 3,ENSG00000104529,4.46E-07,2.63E-06,598.4788442,598.4788442
2 vs. 3,ENSG00000142676,9.35E-04,0.002264507,568.2672859,568.2672859
2 vs. 3,ENSG00000142541,2.21E-05,7.80E-05,561.1609907,561.1609907
2 vs. 3,ENSG00000186468,3.74E-04,9.68E-04,553.006192,553.006192
2 vs. 3,ENSG00000162722,0.432597257,0.505062788,-516.7368421,516.7368421
2 vs. 3,ENSG00000197756,2.86E-09,4.70E-08,502,502
2 vs. 3,ENSG00000144713,7.76E-05,2.26E-04,497.0660475,497.0660475
2 vs. 3,ENSG00000167004,1.61E-08,1.85E-07,491.3952528,491.3952528
2 vs. 3,ENSG00000167526,6.04E-06,2.48E-05,482.0505676,482.0505676
2 vs. 3,ENSG00000125691,5.43E-06,2.44E-05,466.0722394,466.0722394
2 vs. 3,ENSG00000188229,1.20E-08,1.45E-07,464.5820433,464.5820433
2 vs. 3,ENSG00000147684,3.62E-05,1.19E-04,440.5768834,440.5768834
2 vs. 3,ENSG00000198755,8.37E-07,4.48E-06,438.9071207,438.9071207
2 vs. 3,ENSG00000110700,5.58E-06,2.44E-05,424.1413829,424.1413829
2 vs. 3,ENSG00000125868,4.00E-10,1.15E-08,423.6140351,423.6140351
2 vs. 3,ENSG00000134419,1.69E-06,8.64E-06,423.0515996,423.0515996
2 vs. 3,ENSG00000118705,3.79E-09,5.81E-08,419.7987616,419.7987616
2 vs. 3,ENSG00000124145,9.95E-10,2.26E-08,407.1517028,407.1517028
2 vs. 3,ENSG00000133606,0.004018503,0.008557923,-401.9143447,401.9143447
2 vs. 3,ENSG00000071082,3.37E-07,2.14E-06,394.6532508,394.6532508
2 vs. 3,ENSG00000131469,5.76E-06,2.44E-05,386.0557276,386.0557276
2 vs. 3,ENSG00000106153,2.59E-06,1.27E-05,378.3147575,378.3147575
2 vs. 3,ENSG00000115268,2.31E-05,8.05E-05,369.3839009,369.3839009
2 vs. 3,ENSG00000115053,1.08E-09,2.26E-08,368.1805986,368.1805986
2 vs. 3,ENSG00000229807,0.01262726,0.02380549,367.0567595,367.0567595
2 vs. 3,ENSG00000171858,8.21E-09,1.11E-07,366.9205366,366.9205366
2 vs. 3,ENSG00000101182,2.46E-07,1.62E-06,361.878225,361.878225
2 vs. 3,ENSG00000196531,5.71E-05,1.77E-04,361.0082559,361.0082559
2 vs. 3,ENSG00000112306,6.39E-05,1.91E-04,358.2652219,358.2652219
2 vs. 3,ENSG00000164405,1.42E-11,1.09E-09,357.8286894,357.8286894
2 vs. 3,ENSG00000145592,2.03E-08,2.13E-07,350.0216718,350.0216718
2 vs. 3,ENSG00000140319,6.26E-06,2.52E-05,342.4809082,342.4809082
2 vs. 3,ENSG00000063177,5.24E-06,2.44E-05,337.9525284,337.9525284
2 vs. 3,ENSG00000138326,2.44E-05,8.26E-05,333.4561404,333.4561404
2 vs. 3,ENSG00000008018,5.84E-06,2.44E-05,313.6439628,313.6439628
2 vs. 3,ENSG00000009307,3.38E-05,1.13E-04,297.8039216,297.8039216
2 vs. 3,ENSG00000155366,5.77E-06,2.44E-05,296.2136223,296.2136223
2 vs. 3,ENSG00000172809,2.29E-07,1.55E-06,295.0474716,295.0474716
2 vs. 3,ENSG00000136942,1.24E-04,3.47E-04,289.2631579,289.2631579
2 vs. 3,ENSG00000143878,2.35E-10,1.08E-08,285.6047472,285.6047472
2 vs. 3,ENSG00000113558,5.00E-08,4.42E-07,281.8224974,281.8224974
2 vs. 3,ENSG00000147649,8.61E-08,6.83E-07,279.5995872,279.5995872
2 vs. 3,ENSG00000130402,3.66E-10,1.15E-08,270.1341589,270.1341589
2 vs. 3,ENSG00000109475,3.89E-05,1.26E-04,255.8452012,255.8452012
2 vs. 3,ENSG00000120738,0.004769106,0.009846307,217.5572755,217.5572755
2 vs. 3,ENSG00000135940,2.17E-09,3.84E-08,216.7244582,216.7244582
2 vs. 3,ENSG00000106211,3.44E-07,2.14E-06,214.621259,214.621259
2 vs. 3,ENSG00000142168,7.29E-07,3.99E-06,212.2796698,212.2796698
2 vs. 3,ENSG00000112695,5.05E-07,2.90E-06,199.6460268,199.6460268
2 vs. 3,ENSG00000124766,1.84E-08,2.01E-07,185.0546956,185.0546956
2 vs. 3,ENSG00000069275,3.01E-10,1.15E-08,182.5386997,182.5386997
2 vs. 3,ENSG00000122218,8.82E-07,4.61E-06,180.7399381,180.7399381
2 vs. 3,ENSG00000131171,1.58E-05,5.87E-05,179.8833849,179.8833849
2 vs. 3,ENSG00000125356,6.81E-07,3.82E-06,163.0681115,163.0681115
2 vs. 3,ENSG00000090382,0.004794724,0.009846307,161.5923633,161.5923633
2 vs. 3,ENSG00000159023,0.055057487,0.087332566,-159.4365325,159.4365325
2 vs. 3,ENSG00000161970,9.32E-04,0.002264507,154.9153767,154.9153767
2 vs. 3,ENSG00000118640,5.63E-06,2.44E-05,154.4871001,154.4871001
2 vs. 3,ENSG00000119707,1.46E-07,1.08E-06,122.7760578,122.7760578
2 vs. 3,ENSG00000186591,2.90E-04,7.67E-04,121.3921569,121.3921569
2 vs. 3,ENSG00000101109,0.046760371,0.076275782,120.3581011,120.3581011
2 vs. 3,ENSG00000163736,0.010960168,0.021006989,-118.4685243,118.4685243
2 vs. 3,ENSG00000147065,0.058746802,0.091916765,-117.3292054,117.3292054
2 vs. 3,ENSG00000162367,0.130759897,0.181173352,-109.99484,109.99484
2 vs. 3,ENSG00000129355,0.505909783,0.58471985,106.3498452,106.3498452
2 vs. 3,ENSG00000233927,0.389783128,0.466927706,103.876161,103.876161
2 vs. 3,ENSG00000100664,1.75E-04,4.79E-04,96.4871001,96.4871001
2 vs. 3,ENSG00000175567,0.004124569,0.008703219,86.22084623,86.22084623
2 vs. 3,ENSG00000163734,0.360444144,0.434042687,-85.05779154,85.05779154
2 vs. 3,ENSG00000185650,1.51E-04,4.19E-04,83.99174407,83.99174407
2 vs. 3,ENSG00000059804,0.014643753,0.026944505,-81.15583075,81.15583075
2 vs. 3,ENSG00000146859,0.010295772,0.019899391,-70.87616099,70.87616099
2 vs. 3,ENSG00000198918,0.03319145,0.056132599,69.1372549,69.1372549
2 vs. 3,ENSG00000025708,0.219231633,0.285157015,-66.98142415,66.98142415
2 vs. 3,ENSG00000106366,0.346974129,0.426759624,66.29927761,66.29927761
2 vs. 3,ENSG00000143545,4.79E-08,4.41E-07,66.14860681,66.14860681
2 vs. 3,ENSG00000121766,2.24E-04,6.06E-04,64.28998968,64.28998968
2 vs. 3,ENSG00000115956,2.69E-04,7.19E-04,-57.24664603,57.24664603
2 vs. 3,ENSG00000116001,3.68E-04,9.61E-04,57.05675955,57.05675955
2 vs. 3,ENSG00000144802,0.001140935,0.002677705,56.07739938,56.07739938
2 vs. 3,ENSG00000101745,0.108713949,0.156276302,54.5252838,54.5252838
2 vs. 3,ENSG00000113140,0.78952344,0.840696255,-53.71929825,53.71929825
2 vs. 3,ENSG00000101040,4.79E-04,0.001210997,48.20227038,48.20227038
2 vs. 3,ENSG00000134882,1.22E-04,3.47E-04,46.99587203,46.99587203
2 vs. 3,ENSG00000169554,0.068795225,0.104787429,-46.25180599,46.25180599
2 vs. 3,ENSG00000095303,0.15122591,0.208275205,-45.92569659,45.92569659
2 vs. 3,ENSG00000185989,0.638499292,0.709997655,-45.70588235,45.70588235
2 vs. 3,ENSG00000172889,0.003606534,0.007825497,43.85655315,43.85655315
2 vs. 3,ENSG00000109572,0.002346833,0.005291877,43.71723426,43.71723426
2 vs. 3,ENSG00000134318,6.52E-04,0.001630291,42.15170279,42.15170279
2 vs. 3,ENSG00000197122,0.001869937,0.004300855,41.57275542,41.57275542
2 vs. 3,ENSG00000101162,0.157465988,0.215578436,-39.93188854,39.93188854
2 vs. 3,ENSG00000138449,0.060131336,0.093447347,38.10629515,38.10629515
2 vs. 3,ENSG00000148484,0.051206919,0.082360778,36.99587203,36.99587203
2 vs. 3,ENSG00000112079,4.17E-04,0.001064472,36.09700722,36.09700722
2 vs. 3,ENSG00000102893,0.013942885,0.025861803,34.66666667,34.66666667
2 vs. 3,ENSG00000041353,0.035440553,0.058642641,33.53869969,33.53869969
2 vs. 3,ENSG00000115935,0.228033557,0.294650102,-33.30856553,33.30856553
2 vs. 3,ENSG00000013810,0.081306172,0.119715084,33.02579979,33.02579979
2 vs. 3,ENSG00000101236,0.00319015,0.007055139,30.03611971,30.03611971
2 vs. 3,ENSG00000187764,0.003036838,0.006781288,29.77708978,29.77708978
2 vs. 3,ENSG00000140853,0.653578946,0.722707488,-29.12899897,29.12899897
2 vs. 3,ENSG00000160796,0.035255457,0.058642641,-28.99484004,28.99484004
2 vs. 3,ENSG00000176783,0.022088957,0.039383411,28.70072239,28.70072239
2 vs. 3,ENSG00000152256,0.003528005,0.007728011,28.12177503,28.12177503
2 vs. 3,ENSG00000108846,0.0646488,0.099128159,28.00103199,28.00103199
2 vs. 3,ENSG00000177200,0.030945878,0.052722607,27.73477812,27.73477812
2 vs. 3,ENSG00000123739,0.00904064,0.017621586,27.47884417,27.47884417
2 vs. 3,ENSG00000151748,0.00398452,0.008557923,26.85345717,26.85345717
2 vs. 3,ENSG00000108405,0.123130335,0.172682787,-26.11764706,26.11764706
2 vs. 3,ENSG00000006576,0.081289147,0.119715084,-26.05469556,26.05469556
2 vs. 3,ENSG00000129657,0.035155411,0.058642641,25.03818369,25.03818369
2 vs. 3,ENSG00000103187,0.754370549,0.820171403,24.70588235,24.70588235
2 vs. 3,ENSG00000070190,0.16281578,0.220280172,24.16615067,24.16615067
2 vs. 3,ENSG00000081041,0.429656215,0.504188416,24.08152735,24.08152735
2 vs. 3,ENSG00000113742,0.02229236,0.039440329,-22.65118679,22.65118679
2 vs. 3,ENSG00000163220,0.919707243,0.938325839,-20.13209494,20.13209494
2 vs. 3,ENSG00000158552,0.00521012,0.010604669,19.95872033,19.95872033
2 vs. 3,ENSG00000144677,6.85E-04,0.001694014,18.97626419,18.97626419
2 vs. 3,ENSG00000154146,0.089435835,0.130191405,-18.96697626,18.96697626
2 vs. 3,ENSG00000198168,0.001208582,0.002807816,18.85345717,18.85345717
2 vs. 3,ENSG00000139722,1.21E-04,3.47E-04,18.67905057,18.67905057
2 vs. 3,ENSG00000105993,0.073716249,0.111544323,18.57894737,18.57894737
2 vs. 3,ENSG00000198948,0.080973749,0.119715084,18.40350877,18.40350877
2 vs. 3,ENSG00000140022,0.051891955,0.082882983,16.20743034,16.20743034
2 vs. 3,ENSG00000092929,0.351550732,0.430088662,15.30856553,15.30856553
2 vs. 3,ENSG00000162852,0.12753362,0.177774137,15.05779154,15.05779154
2 vs. 3,ENSG00000117155,0.004397998,0.009195814,14.7244582,14.7244582
2 vs. 3,ENSG00000092531,0.102944019,0.148912732,-14.13519092,14.13519092
2 vs. 3,ENSG00000184602,0.025214709,0.043934719,-13.71620227,13.71620227
2 vs. 3,ENSG00000137145,0.02038874,0.03692449,13.69453044,13.69453044
2 vs. 3,ENSG00000153071,0.553978858,0.630768007,-13.55314757,13.55314757
2 vs. 3,ENSG00000197461,0.007679926,0.015494588,13.50257998,13.50257998
2 vs. 3,ENSG00000101470,0.172673477,0.229565895,13.18163055,13.18163055
2 vs. 3,ENSG00000173542,0.326822576,0.404135444,13.15892673,13.15892673
2 vs. 3,ENSG00000198089,0.012863853,0.02405436,12.8245614,12.8245614
2 vs. 3,ENSG00000087095,9.74E-04,0.002333484,12.76470588,12.76470588
2 vs. 3,ENSG00000188677,0.784503272,0.840696255,-12.53869969,12.53869969
2 vs. 3,ENSG00000071051,0.113096683,0.159584277,11.64396285,11.64396285
2 vs. 3,ENSG00000125753,0.041506553,0.068189338,11.21052632,11.21052632
2 vs. 3,ENSG00000102362,0.024005222,0.042146573,10.53353973,10.53353973
2 vs. 3,ENSG00000128294,0.876764621,0.912469967,-10.06811146,10.06811146
2 vs. 3,ENSG00000088826,0.63899789,0.709997655,9.758513932,9.758513932
2 vs. 3,ENSG00000059377,0.821529283,0.866751078,-9.64499484,9.64499484
2 vs. 3,ENSG00000101335,0.064007461,0.098803463,9.62125903,9.62125903
2 vs. 3,ENSG00000059728,0.020227147,0.03692257,9.371517028,9.371517028
2 vs. 3,ENSG00000198478,0.051034714,0.082360778,8.384932921,8.384932921
2 vs. 3,ENSG00000168461,0.545623301,0.624345071,7.997936017,7.997936017
2 vs. 3,ENSG00000065534,0.183273694,0.242258331,7.977296182,7.977296182
2 vs. 3,ENSG00000221823,0.011746611,0.022328269,7.947368421,7.947368421
2 vs. 3,ENSG00000264364,0.020998388,0.037731479,7.768833849,7.768833849
2 vs. 3,ENSG00000108960,0.926590592,0.938325839,7.740970072,7.740970072
2 vs. 3,ENSG00000068831,0.030734674,0.052722607,-7.542827657,7.542827657
2 vs. 3,ENSG00000005249,0.782059862,0.840696255,7.317853457,7.317853457
2 vs. 3,ENSG00000123405,0.21944692,0.285157015,-7.199174407,7.199174407
2 vs. 3,ENSG00000100504,0.710713762,0.778400786,6.46749226,6.46749226
2 vs. 3,ENSG00000143995,0.864294094,0.903580189,-5.919504644,5.919504644
2 vs. 3,ENSG00000138735,0.318769852,0.396308464,5.787409701,5.787409701
2 vs. 3,ENSG00000196182,0.359335258,0.434042687,5.7750258,5.7750258
2 vs. 3,ENSG00000173210,0.49688272,0.577186998,5.599587203,5.599587203
2 vs. 3,ENSG00000158457,0.416053562,0.493259378,5.351909185,5.351909185
2 vs. 3,ENSG00000146376,0.112432381,0.159584277,5.269349845,5.269349845
2 vs. 3,ENSG00000107863,0.262342247,0.337087804,-5.264189886,5.264189886
2 vs. 3,ENSG00000142961,0.882195338,0.913986161,-5.189886481,5.189886481
2 vs. 3,ENSG00000153815,0.281482101,0.359671573,4.784313725,4.784313725
2 vs. 3,ENSG00000088726,0.587983327,0.666188006,4.450980392,4.450980392
2 vs. 3,ENSG00000166501,0.056189545,0.088517776,-4.432404541,4.432404541
2 vs. 3,ENSG00000163737,0.187606284,0.246568259,4.063983488,4.063983488
2 vs. 3,ENSG00000179361,0.290287353,0.368873432,3.629514964,3.629514964
2 vs. 3,ENSG00000134668,0.695177993,0.765028413,3.535603715,3.535603715
2 vs. 3,ENSG00000048740,0.030140831,0.052123242,-3.500515996,3.500515996
2 vs. 3,ENSG00000150681,0.609148808,0.686785421,-3.366357069,3.366357069
2 vs. 3,ENSG00000090975,0.164024474,0.220617714,3.192982456,3.192982456
2 vs. 3,ENSG00000120690,0.081718557,0.119715084,3.144478844,3.144478844
2 vs. 3,ENSG00000160013,0.008664097,0.017178814,-3.009287926,3.009287926
2 vs. 3,ENSG00000157570,0.110313264,0.157590377,2.990712074,2.990712074
2 vs. 3,ENSG00000152229,0.405715262,0.483494872,-2.6625387,2.6625387
2 vs. 3,ENSG00000111644,0.081116827,0.119715084,-2.46749226,2.46749226
2 vs. 3,ENSG00000161911,0.820969342,0.866751078,1.985552116,1.985552116
2 vs. 3,ENSG00000047648,0.990512324,0.990512324,1.639834881,1.639834881
2 vs. 3,ENSG00000187800,0.926060288,0.938325839,1.087719298,1.087719298
2 vs. 3,ENSG00000172794,0.847939949,0.89053054,0.959752322,0.959752322
2 vs. 3,ENSG00000154310,0.522459653,0.600828601,0.946336429,0.946336429
2 vs. 3,ENSG00000142046,0.922261182,0.938325839,0.819401445,0.819401445
2 vs. 3,ENSG00000125875,0.002275747,0.005182395,-0.655314757,0.655314757
2 vs. 3,ENSG00000197959,0.787665569,0.840696255,0.643962848,0.643962848
2 vs. 3,ENSG00000118508,0.917323765,0.938325839,-0.445820433,0.445820433
2 vs. 3,ENSG00000143595,0.008995932,0.017621586,-0.329205366,0.329205366
2 vs. 3,ENSG00000184113,0.755984076,0.820171403,0.228070175,0.228070175
2 vs. 3,ENSG00000162614,0.622074373,0.697937101,0.21878225,0.21878225
2 vs. 3,ENSG00000171611,0.169076097,0.226090129,-0.205366357,0.205366357
2 vs. 3,ENSG00000117586,0.418394389,0.493490818,-0.172342621,0.172342621
2 vs. 3,ENSG00000105329,0.981327951,0.985613226,-0.168214654,0.168214654
2 vs. 3,ENSG00000174175,0.307044135,0.383805168,0.121775026,0.121775026
2 vs. 3,ENSG00000165682,0.297035154,0.37371665,-0.102167183,0.102167183
2 vs. 3,ENSG00000151023,0.357314166,0.434042687,-0.085655315,0.085655315
2 vs. 3,ENSG00000166091,0.930166484,0.938325839,0.045407637,0.045407637
2 vs. 4,ENSG00000244734,0.361523876,0.413684037,-222695.0678,222695.0678
2 vs. 4,ENSG00000101162,1.06E-09,2.60E-08,3456.0293,3456.0293
2 vs. 4,ENSG00000163736,3.50E-08,2.10E-07,3269.645686,3269.645686
2 vs. 4,ENSG00000108846,3.71E-07,1.23E-06,1587.714596,1587.714596
2 vs. 4,ENSG00000088726,2.26E-08,1.63E-07,1448.659794,1448.659794
2 vs. 4,ENSG00000158457,7.67E-07,2.26E-06,1108.78025,1108.78025
2 vs. 4,ENSG00000111644,4.61E-09,7.06E-08,1081.8242,1081.8242
2 vs. 4,ENSG00000059804,5.02E-04,8.19E-04,1061.240369,1061.240369
2 vs. 4,ENSG00000123405,6.86E-09,9.27E-08,1010.629409,1010.629409
2 vs. 4,ENSG00000176783,4.22E-09,6.93E-08,874.7053717,874.7053717
2 vs. 4,ENSG00000118508,2.58E-05,5.25E-05,626.4492675,626.4492675
2 vs. 4,ENSG00000154146,1.21E-09,2.60E-08,611.0835594,611.0835594
2 vs. 4,ENSG00000143995,3.04E-06,7.77E-06,456.1611503,456.1611503
2 vs. 4,ENSG00000152229,3.97E-04,6.52E-04,446.5284862,446.5284862
2 vs. 4,ENSG00000163737,1.13E-12,2.59E-10,435.4183397,435.4183397
2 vs. 4,ENSG00000153071,1.86E-08,1.49E-07,430.6467716,430.6467716
2 vs. 4,ENSG00000123739,3.84E-07,1.23E-06,412.0879002,412.0879002
2 vs. 4,ENSG00000113140,6.52E-07,1.97E-06,395.0504612,395.0504612
2 vs. 4,ENSG00000161911,3.69E-08,2.12E-07,390.2327727,390.2327727
2 vs. 4,ENSG00000198948,2.99E-08,1.94E-07,383.8502442,383.8502442
2 vs. 4,ENSG00000133606,0.005981066,0.00809203,-376.0803039,376.0803039
2 vs. 4,ENSG00000162852,8.66E-07,2.49E-06,366.0689094,366.0689094
2 vs. 4,ENSG00000095303,1.20E-06,3.32E-06,345.7189365,345.7189365
2 vs. 4,ENSG00000163220,0.002372688,0.00336863,-335.5094954,335.5094954
2 vs. 4,ENSG00000115956,6.00E-04,9.59E-04,330.37656,330.37656
2 vs. 4,ENSG00000150681,4.51E-08,2.36E-07,328.0298426,328.0298426
2 vs. 4,ENSG00000188229,0.102238249,0.123122212,326.1144872,326.1144872
2 vs. 4,ENSG00000041353,1.11E-08,1.17E-07,323.4210526,323.4210526
2 vs. 4,ENSG00000005249,1.59E-08,1.49E-07,322.3326099,322.3326099
2 vs. 4,ENSG00000125868,0.09788359,0.119751201,303.3906674,303.3906674
2 vs. 4,ENSG00000156508,1.14E-06,3.18E-06,-300.5425936,300.5425936
2 vs. 4,ENSG00000140988,2.35E-11,2.27E-09,-272.2257189,272.2257189
2 vs. 4,ENSG00000186591,2.49E-04,4.21E-04,270.1546392,270.1546392
2 vs. 4,ENSG00000128294,7.88E-08,3.42E-07,267.4861639,267.4861639
2 vs. 4,ENSG00000166501,8.60E-06,1.96E-05,265.7802496,265.7802496
2 vs. 4,ENSG00000013810,2.69E-05,5.42E-05,262.8442756,262.8442756
2 vs. 4,ENSG00000146859,7.13E-04,0.001114936,262.5349973,262.5349973
2 vs. 4,ENSG00000174175,2.20E-08,1.63E-07,252.8686923,252.8686923
2 vs. 4,ENSG00000089157,2.97E-11,2.27E-09,-243.0097667,243.0097667
2 vs. 4,ENSG00000147065,0.016984492,0.021823649,240.7862181,240.7862181
2 vs. 4,ENSG00000117155,6.27E-07,1.92E-06,225.5225176,225.5225176
2 vs. 4,ENSG00000168461,0.038783074,0.048743754,216.2718394,216.2718394
2 vs. 4,ENSG00000157570,2.29E-05,4.71E-05,213.1356484,213.1356484
2 vs. 4,ENSG00000048740,0.158770346,0.185366394,207.1942485,207.1942485
2 vs. 4,ENSG00000100504,5.07E-04,8.21E-04,205.0005426,205.0005426
2 vs. 4,ENSG00000149273,3.17E-06,7.96E-06,-202.4373304,202.4373304
2 vs. 4,ENSG00000106211,0.184431165,0.213161648,-201.5453066,201.5453066
2 vs. 4,ENSG00000065534,2.04E-08,1.57E-07,198.4541508,198.4541508
2 vs. 4,ENSG00000144677,4.11E-08,2.25E-07,195.0385241,195.0385241
2 vs. 4,ENSG00000129657,0.006707953,0.008992859,192.20293,192.20293
2 vs. 4,ENSG00000129355,8.74E-05,1.65E-04,191.0108519,191.0108519
2 vs. 4,ENSG00000109572,1.20E-04,2.16E-04,185.4688009,185.4688009
2 vs. 4,ENSG00000196531,6.41E-06,1.52E-05,-184.6440586,184.6440586
2 vs. 4,ENSG00000108960,3.59E-07,1.21E-06,177.7601736,177.7601736
2 vs. 4,ENSG00000162614,8.23E-09,9.96E-08,164.1128595,164.1128595
2 vs. 4,ENSG00000175567,0.411291613,0.468302332,-162.8806294,162.8806294
2 vs. 4,ENSG00000165682,1.88E-08,1.49E-07,159.9354314,159.9354314
2 vs. 4,ENSG00000171611,3.27E-08,2.03E-07,156.2181226,156.2181226
2 vs. 4,ENSG00000112306,7.26E-08,3.28E-07,-151.4004341,151.4004341
2 vs. 4,ENSG00000137154,2.78E-07,9.83E-07,-148.5583288,148.5583288
2 vs. 4,ENSG00000138735,3.57E-08,2.10E-07,148.4427564,148.4427564
2 vs. 4,ENSG00000198034,1.45E-07,5.65E-07,-146.098752,146.098752
2 vs. 4,ENSG00000108405,2.03E-05,4.22E-05,146.0206186,146.0206186
2 vs. 4,ENSG00000142961,1.60E-05,3.41E-05,141.9886055,141.9886055
2 vs. 4,ENSG00000088826,3.51E-05,7.03E-05,141.6918068,141.6918068
2 vs. 4,ENSG00000142541,1.33E-05,2.89E-05,-139.5952252,139.5952252
2 vs. 4,ENSG00000102893,1.86E-04,3.24E-04,134.2474227,134.2474227
2 vs. 4,ENSG00000229117,1.17E-04,2.13E-04,-134.0455779,134.0455779
2 vs. 4,ENSG00000167526,2.42E-08,1.69E-07,-133.675529,133.675529
2 vs. 4,ENSG00000102362,7.14E-07,2.13E-06,132.9099295,132.9099295
2 vs. 4,ENSG00000101109,0.001819013,0.002658015,131.1812263,131.1812263
2 vs. 4,ENSG00000187800,1.02E-07,4.25E-07,123.8231145,123.8231145
2 vs. 4,ENSG00000184602,8.27E-05,1.58E-04,123.544764,123.544764
2 vs. 4,ENSG00000156482,5.02E-08,2.51E-07,-122.8876831,122.8876831
2 vs. 4,ENSG00000034510,1.11E-08,1.17E-07,-122.6250678,122.6250678
2 vs. 4,ENSG00000162722,9.64E-06,2.17E-05,-120.5306565,120.5306565
2 vs. 4,ENSG00000111057,0.460511249,0.519203859,-119.8323386,119.8323386
2 vs. 4,ENSG00000185624,0.055594077,0.068745363,-119.6625068,119.6625068
2 vs. 4,ENSG00000092929,1.20E-04,2.16E-04,114.6125882,114.6125882
2 vs. 4,ENSG00000108298,2.33E-06,6.23E-06,-114.1166576,114.1166576
2 vs. 4,ENSG00000188677,1.02E-04,1.91E-04,113.4655453,113.4655453
2 vs. 4,ENSG00000101040,2.67E-06,6.97E-06,112.6380901,112.6380901
2 vs. 4,ENSG00000063177,4.94E-07,1.54E-06,-109.3971785,109.3971785
2 vs. 4,ENSG00000159023,1.15E-04,2.12E-04,-108.8204015,108.8204015
2 vs. 4,ENSG00000138326,1.55E-07,5.94E-07,-108.3548562,108.3548562
2 vs. 4,ENSG00000162367,8.44E-08,3.60E-07,108.0368964,108.0368964
2 vs. 4,ENSG00000188536,0.650484495,0.70510419,-105.495388,105.495388
2 vs. 4,ENSG00000105993,0.047131527,0.058595952,105.3624525,105.3624525
2 vs. 4,ENSG00000101335,7.85E-06,1.81E-05,104.4340749,104.4340749
2 vs. 4,ENSG00000144802,0.129160762,0.153128739,-102.6733587,102.6733587
2 vs. 4,ENSG00000153815,7.23E-10,2.60E-08,100.7216495,100.7216495
2 vs. 4,ENSG00000179361,1.06E-05,2.36E-05,97.86218123,97.86218123
2 vs. 4,ENSG00000140022,7.86E-08,3.42E-07,97.69560499,97.69560499
2 vs. 4,ENSG00000197959,1.45E-07,5.65E-07,97.65002713,97.65002713
2 vs. 4,ENSG00000151748,8.04E-07,2.34E-06,97.11502984,97.11502984
2 vs. 4,ENSG00000125875,2.92E-04,4.91E-04,95.65436788,95.65436788
2 vs. 4,ENSG00000025708,0.007272735,0.009668954,-94.94139989,94.94139989
2 vs. 4,ENSG00000198089,1.36E-04,2.43E-04,94.91047206,94.91047206
2 vs. 4,ENSG00000134882,0.001405718,0.002099449,94.85295714,94.85295714
2 vs. 4,ENSG00000144713,3.82E-07,1.23E-06,-94.2967987,94.2967987
2 vs. 4,ENSG00000142168,0.739297548,0.787214982,-93.4064026,93.4064026
2 vs. 4,ENSG00000197958,1.62E-08,1.49E-07,-92.91915355,92.91915355
2 vs. 4,ENSG00000019582,1.79E-07,6.62E-07,-91.0255019,91.0255019
2 vs. 4,ENSG00000185650,0.004514445,0.006180491,-90.34563212,90.34563212
2 vs. 4,ENSG00000136942,2.36E-09,4.18E-08,-88.18014107,88.18014107
2 vs. 4,ENSG00000070190,2.41E-07,8.78E-07,86.60661964,86.60661964
2 vs. 4,ENSG00000163734,1.96E-04,3.37E-04,-86.09983722,86.09983722
2 vs. 4,ENSG00000142676,1.69E-08,1.49E-07,-85.52794357,85.52794357
2 vs. 4,ENSG00000152256,1.26E-05,2.79E-05,84.22951709,84.22951709
2 vs. 4,ENSG00000120738,0.668107331,0.718059281,-83.95333695,83.95333695
2 vs. 4,ENSG00000158552,1.41E-04,2.49E-04,82.26153011,82.26153011
2 vs. 4,ENSG00000172889,6.67E-04,0.001051218,82.14541508,82.14541508
2 vs. 4,ENSG00000146376,3.27E-07,1.12E-06,77.68475312,77.68475312
2 vs. 4,ENSG00000110700,7.67E-11,4.41E-09,-75.83233858,75.83233858
2 vs. 4,ENSG00000104529,3.27E-06,8.08E-06,-75.20075963,75.20075963
2 vs. 4,ENSG00000160013,1.51E-06,4.15E-06,70.10472056,70.10472056
2 vs. 4,ENSG00000186468,8.76E-10,2.60E-08,-67.32067282,67.32067282
2 vs. 4,ENSG00000009307,0.589504759,0.648737295,-66.46391753,66.46391753
2 vs. 4,ENSG00000083845,4.32E-07,1.36E-06,-66.04395008,66.04395008
2 vs. 4,ENSG00000177600,3.79E-07,1.23E-06,-65.69669018,65.69669018
2 vs. 4,ENSG00000074800,0.685091562,0.732888648,-65.18393923,65.18393923
2 vs. 4,ENSG00000122406,1.16E-07,4.68E-07,-65.16386327,65.16386327
2 vs. 4,ENSG00000164919,0.152264323,0.178677522,-64.12642431,64.12642431
2 vs. 4,ENSG00000134419,2.92E-06,7.55E-06,-63.10526316,63.10526316
2 vs. 4,ENSG00000081041,3.77E-05,7.42E-05,-62.10363538,62.10363538
2 vs. 4,ENSG00000148484,0.002902268,0.004095225,61.02821487,61.02821487
2 vs. 4,ENSG00000106366,6.82E-09,9.27E-08,60.3049376,60.3049376
2 vs. 4,ENSG00000105193,6.71E-08,3.09E-07,-60.23982637,60.23982637
2 vs. 4,ENSG00000117586,6.47E-06,1.52E-05,60.01302225,60.01302225
2 vs. 4,ENSG00000198478,2.59E-07,9.32E-07,56.72978839,56.72978839
2 vs. 4,ENSG00000059377,1.51E-04,2.65E-04,56.66630494,56.66630494
2 vs. 4,ENSG00000134668,3.61E-06,8.81E-06,54.4319045,54.4319045
2 vs. 4,ENSG00000008018,0.101745987,0.123122212,-51.97883885,51.97883885
2 vs. 4,ENSG00000140853,0.012035092,0.015727677,51.86109604,51.86109604
2 vs. 4,ENSG00000197756,1.39E-08,1.39E-07,-51.6185567,51.6185567
2 vs. 4,ENSG00000109475,1.29E-09,2.60E-08,-51.43678785,51.43678785
2 vs. 4,ENSG00000138449,0.001303486,0.001972381,50.31470429,50.31470429
2 vs. 4,ENSG00000106153,0.120666569,0.144548494,-49.97612588,49.97612588
2 vs. 4,ENSG00000184113,9.97E-09,1.15E-07,48.90504612,48.90504612
2 vs. 4,ENSG00000137145,0.001808667,0.002658015,48.55181769,48.55181769
2 vs. 4,ENSG00000101182,0.784259125,0.816426787,-47.88931091,47.88931091
2 vs. 4,ENSG00000173210,6.79E-06,1.58E-05,46.53065654,46.53065654
2 vs. 4,ENSG00000164587,1.29E-05,2.83E-05,-46.52251763,46.52251763
2 vs. 4,ENSG00000115268,3.19E-06,7.96E-06,-45.8817146,45.8817146
2 vs. 4,ENSG00000071051,3.04E-08,1.94E-07,45.5675529,45.5675529
2 vs. 4,ENSG00000161970,4.46E-08,2.36E-07,-45.23602821,45.23602821
2 vs. 4,ENSG00000068831,3.64E-06,8.81E-06,44.7205643,44.7205643
2 vs. 4,ENSG00000196262,0.013873927,0.017926984,-42.55995659,42.55995659
2 vs. 4,ENSG00000090975,1.84E-05,3.85E-05,41.7118828,41.7118828
2 vs. 4,ENSG00000160796,1.00E-03,0.001543461,-41.67444384,41.67444384
2 vs. 4,ENSG00000090382,0.026058313,0.033296734,-41.14161693,41.14161693
2 vs. 4,ENSG00000151023,5.50E-08,2.58E-07,40.18339664,40.18339664
2 vs. 4,ENSG00000198755,1.11E-09,2.60E-08,-39.82908302,39.82908302
2 vs. 4,ENSG00000172794,1.63E-05,3.45E-05,39.04829083,39.04829083
2 vs. 4,ENSG00000112695,0.042648647,0.053310809,-38.67335865,38.67335865
2 vs. 4,ENSG00000118705,0.763640398,0.80567565,-36.51112317,36.51112317
2 vs. 4,ENSG00000171345,0.519397391,0.579909708,-36.09224091,36.09224091
2 vs. 4,ENSG00000071082,1.83E-08,1.49E-07,-35.87737385,35.87737385
2 vs. 4,ENSG00000177200,0.003549402,0.004917846,-35.30059685,35.30059685
2 vs. 4,ENSG00000198918,1.97E-06,5.33E-06,-35.10309278,35.10309278
2 vs. 4,ENSG00000197956,4.40E-06,1.05E-05,-33.7878459,33.7878459
2 vs. 4,ENSG00000122218,0.031252572,0.039713213,31.64351601,31.64351601
2 vs. 4,ENSG00000116001,5.14E-04,8.27E-04,31.04503527,31.04503527
2 vs. 4,ENSG00000139722,0.001138332,0.001745443,-30.28052089,30.28052089
2 vs. 4,ENSG00000115053,0.003850575,0.005303188,-29.02821487,29.02821487
2 vs. 4,ENSG00000229807,0.421322473,0.477360437,-26.66630494,26.66630494
2 vs. 4,ENSG00000169554,0.004993677,0.006796129,26.06131308,26.06131308
2 vs. 4,ENSG00000167004,0.829576611,0.855617132,-25.9489962,25.9489962
2 vs. 4,ENSG00000115935,1.35E-05,2.89E-05,25.33586544,25.33586544
2 vs. 4,ENSG00000173542,7.39E-05,1.43E-04,24.9240369,24.9240369
2 vs. 4,ENSG00000147684,0.59421256,0.650804233,-23.95333695,23.95333695
2 vs. 4,ENSG00000134318,2.38E-06,6.30E-06,23.7878459,23.7878459
2 vs. 4,ENSG00000125356,0.16722684,0.1942534,-23.72327727,23.72327727
2 vs. 4,ENSG00000154310,0.007518672,0.009938474,23.17091698,23.17091698
2 vs. 4,ENSG00000142046,3.80E-04,6.29E-04,22.54367878,22.54367878
2 vs. 4,ENSG00000113742,0.003352169,0.004672721,-22.53879544,22.53879544
2 vs. 4,ENSG00000103187,0.62005566,0.675890056,22.49484536,22.49484536
2 vs. 4,ENSG00000142937,5.41E-08,2.58E-07,-22.34291915,22.34291915
2 vs. 4,ENSG00000113558,0.784479652,0.816426787,-22.25067824,22.25067824
2 vs. 4,ENSG00000105329,4.74E-08,2.42E-07,22.22192078,22.22192078
2 vs. 4,ENSG00000233927,7.51E-09,9.59E-08,-22.17417254,22.17417254
2 vs. 4,ENSG00000125691,2.64E-08,1.79E-07,-22.07107976,22.07107976
2 vs. 4,ENSG00000145592,1.35E-09,2.60E-08,-21.85946826,21.85946826
2 vs. 4,ENSG00000124145,0.007590588,0.009976201,21.82908302,21.82908302
2 vs. 4,ENSG00000172809,4.10E-08,2.25E-07,-20.92240912,20.92240912
2 vs. 4,ENSG00000092531,0.038135575,0.048193309,-20.81823114,20.81823114
2 vs. 4,ENSG00000196182,0.145953746,0.172150572,20.64080304,20.64080304
2 vs. 4,ENSG00000143878,0.102244968,0.123122212,19.61909929,19.61909929
2 vs. 4,ENSG00000101236,3.78E-05,7.42E-05,19.35105806,19.35105806
2 vs. 4,ENSG00000185989,0.006725094,0.008992859,-19.12371134,19.12371134
2 vs. 4,ENSG00000047648,5.37E-08,2.58E-07,19.02875746,19.02875746
2 vs. 4,ENSG00000166091,9.15E-07,2.60E-06,16.76180141,16.76180141
2 vs. 4,ENSG00000197461,2.90E-07,1.01E-06,16.6266956,16.6266956
2 vs. 4,ENSG00000167658,0.002302496,0.00328928,-16.50732501,16.50732501
2 vs. 4,ENSG00000198168,1.06E-04,1.97E-04,15.90884428,15.90884428
2 vs. 4,ENSG00000101745,0.971067304,0.975749422,15.87357569,15.87357569
2 vs. 4,ENSG00000167642,0.003279998,0.004599998,-15.70591427,15.70591427
2 vs. 4,ENSG00000131469,1.15E-07,4.68E-07,-14.75203473,14.75203473
2 vs. 4,ENSG00000112079,3.35E-04,5.58E-04,13.70808464,13.70808464
2 vs. 4,ENSG00000087095,1.71E-07,6.44E-07,13.53608247,13.53608247
2 vs. 4,ENSG00000143595,0.002171729,0.00312186,10.85838307,10.85838307
2 vs. 4,ENSG00000069275,0.817956634,0.847432549,10.60661964,10.60661964
2 vs. 4,ENSG00000140319,0.912561997,0.928713537,-9.946825827,9.946825827
2 vs. 4,ENSG00000135940,0.276650358,0.318147912,-9.807379273,9.807379273
2 vs. 4,ENSG00000164405,9.91E-04,0.001540578,-9.416711883,9.416711883
2 vs. 4,ENSG00000131171,0.759766319,0.805282273,-9.378187737,9.378187737
2 vs. 4,ENSG00000121766,0.001367188,0.00205525,9.151926207,9.151926207
2 vs. 4,ENSG00000171858,1.19E-10,5.47E-09,-8.920781335,8.920781335
2 vs. 4,ENSG00000155366,0.466162335,0.523011401,-8.223005969,8.223005969
2 vs. 4,ENSG00000147649,0.779627888,0.816426787,-8.005425936,8.005425936
2 vs. 4,ENSG00000118640,0.835092054,0.857460592,7.000542594,7.000542594
2 vs. 4,ENSG00000100664,0.577216374,0.638268106,6.608790016,6.608790016
2 vs. 4,ENSG00000075415,0.904096738,0.924187777,5.410743353,5.410743353
2 vs. 4,ENSG00000143545,0.013819522,0.017926984,4.355398806,4.355398806
2 vs. 4,ENSG00000101470,1.92E-04,3.32E-04,3.717308736,3.717308736
2 vs. 4,ENSG00000106541,0.987586693,0.987586693,-3.341833966,3.341833966
2 vs. 4,ENSG00000119707,0.09047058,0.111273976,-2.984807379,2.984807379
2 vs. 4,ENSG00000272398,0.971507033,0.975749422,-2.767227347,2.767227347
2 vs. 4,ENSG00000170421,0.542619725,0.602910806,-2.480737927,2.480737927
2 vs. 4,ENSG00000006576,0.0015042,0.002232039,2.373846989,2.373846989
2 vs. 4,ENSG00000264364,6.42E-04,0.001017944,1.724362453,1.724362453
2 vs. 4,ENSG00000221823,8.58E-05,1.63E-04,-1.434074878,1.434074878
2 vs. 4,ENSG00000120690,0.001825941,0.002658015,-1.399891481,1.399891481
2 vs. 4,ENSG00000130402,0.652987794,0.70510419,-1.308735757,1.308735757
2 vs. 4,ENSG00000059728,0.001893948,0.002739673,1.306022789,1.306022789
2 vs. 4,ENSG00000187764,6.52E-05,1.27E-04,1.245252306,1.245252306
2 vs. 4,ENSG00000125753,0.127333042,0.15174404,1.128052089,1.128052089
2 vs. 4,ENSG00000107863,0.001257093,0.001914777,-0.895279436,0.895279436
2 vs. 4,ENSG00000197122,2.13E-04,3.62E-04,0.549104721,0.549104721
2 vs. 4,ENSG00000124766,0.948840228,0.961379967,0.378730331,0.378730331
3 vs. 4,ENSG00000244734,0.012159217,0.015980686,-6196.905801,6196.905801
3 vs. 4,ENSG00000156508,0,0,-3695.677785,3695.677785
3 vs. 4,ENSG00000101162,0,0,3495.961189,3495.961189
3 vs. 4,ENSG00000163736,0,0,3388.114211,3388.114211
3 vs. 4,ENSG00000171345,0,0,-2393.422478,2393.422478
3 vs. 4,ENSG00000170421,0,0,-1608.812007,1608.812007
3 vs. 4,ENSG00000111057,0,0,-1589.483525,1589.483525
3 vs. 4,ENSG00000108846,0.002622656,0.003723524,1559.713564,1559.713564
3 vs. 4,ENSG00000149273,0,0,-1515.383667,1515.383667
3 vs. 4,ENSG00000137154,0,0,-1468.273499,1468.273499
3 vs. 4,ENSG00000088726,3.80E-08,6.47E-08,1444.208813,1444.208813
3 vs. 4,ENSG00000272398,0,0,-1384.497878,1384.497878
3 vs. 4,ENSG00000089157,0,0,-1357.594906,1357.594906
3 vs. 4,ENSG00000108298,0,0,-1294.331312,1294.331312
3 vs. 4,ENSG00000167642,9.66E-15,2.39E-14,-1280.380837,1280.380837
3 vs. 4,ENSG00000156482,0,0,-1267.658581,1267.658581
3 vs. 4,ENSG00000140988,0,0,-1212.10188,1212.10188
3 vs. 4,ENSG00000188536,0.220032895,0.259525978,-1180.478876,1180.478876
3 vs. 4,ENSG00000059804,1.11E-16,2.97E-16,1142.3962,1142.3962
3 vs. 4,ENSG00000158457,6.66E-14,1.47E-13,1103.42834,1103.42834
3 vs. 4,ENSG00000111644,0,0,1084.291692,1084.291692
3 vs. 4,ENSG00000106541,0,0,-1058.704063,1058.704063
3 vs. 4,ENSG00000123405,0,0,1017.828583,1017.828583
3 vs. 4,ENSG00000197956,3.70E-14,8.59E-14,-967.4792804,967.4792804
3 vs. 4,ENSG00000229117,0,0,-947.5213261,947.5213261
3 vs. 4,ENSG00000019582,0.02350097,0.030029017,-901.2102284,901.2102284
3 vs. 4,ENSG00000034510,0,0,-898.9171215,898.9171215
3 vs. 4,ENSG00000185624,0,0,-870.1681827,870.1681827
3 vs. 4,ENSG00000074800,4.70E-13,1.00E-12,-854.4099454,854.4099454
3 vs. 4,ENSG00000176783,0.003726809,0.005226622,846.0046493,846.0046493
3 vs. 4,ENSG00000083845,0,0,-802.3927633,802.3927633
3 vs. 4,ENSG00000196262,0,0,-802.3432383,802.3432383
3 vs. 4,ENSG00000122406,0,0,-797.8047301,797.8047301
3 vs. 4,ENSG00000198034,0,0,-797.5641803,797.5641803
3 vs. 4,ENSG00000164587,0,0,-768.7000202,768.7000202
3 vs. 4,ENSG00000164919,0,0,-743.0634728,743.0634728
3 vs. 4,ENSG00000142937,0,0,-725.7505559,725.7505559
3 vs. 4,ENSG00000105193,0,0,-725.3925611,725.3925611
3 vs. 4,ENSG00000075415,0,0,-722.8142308,722.8142308
3 vs. 4,ENSG00000197958,0,0,-701.1637356,701.1637356
3 vs. 4,ENSG00000142541,0,0,-700.7562159,700.7562159
3 vs. 4,ENSG00000167658,0,0,-677.1079442,677.1079442
3 vs. 4,ENSG00000177600,0,0,-676.5150596,676.5150596
3 vs. 4,ENSG00000104529,0,0,-673.6796038,673.6796038
3 vs. 4,ENSG00000142676,0,0,-653.7952294,653.7952294
3 vs. 4,ENSG00000154146,0,0,630.0505357,630.0505357
3 vs. 4,ENSG00000118508,2.40E-04,3.52E-04,626.8950879,626.8950879
3 vs. 4,ENSG00000186468,0,0,-620.3268648,620.3268648
3 vs. 4,ENSG00000167526,0,0,-615.7260966,615.7260966
3 vs. 4,ENSG00000144713,0,0,-591.3628462,591.3628462
3 vs. 4,ENSG00000197756,0,0,-553.6185567,553.6185567
3 vs. 4,ENSG00000196531,0,0,-545.6523145,545.6523145
3 vs. 4,ENSG00000167004,0,0,-517.344249,517.344249
3 vs. 4,ENSG00000112306,0,0,-509.665656,509.665656
3 vs. 4,ENSG00000110700,0,0,-499.9737214,499.9737214
3 vs. 4,ENSG00000125691,0,0,-488.1433192,488.1433192
3 vs. 4,ENSG00000134419,0,0,-486.1568627,486.1568627
3 vs. 4,ENSG00000198755,0,0,-478.7362038,478.7362038
3 vs. 4,ENSG00000147684,3.49E-11,6.75E-11,-464.5302203,464.5302203
3 vs. 4,ENSG00000143995,4.39E-11,8.41E-11,462.0806549,462.0806549
3 vs. 4,ENSG00000118705,0,0,-456.3098848,456.3098848
3 vs. 4,ENSG00000152229,0.00995519,0.013312173,449.1910249,449.1910249
3 vs. 4,ENSG00000113140,5.61E-11,1.07E-10,448.7697595,448.7697595
3 vs. 4,ENSG00000063177,0,0,-447.3497069,447.3497069
3 vs. 4,ENSG00000153071,5.57E-07,9.03E-07,444.1999191,444.1999191
3 vs. 4,ENSG00000138326,0,0,-441.8109966,441.8109966
3 vs. 4,ENSG00000163737,0,0,431.3543562,431.3543562
3 vs. 4,ENSG00000071082,0,0,-430.5306246,430.5306246
3 vs. 4,ENSG00000106153,0,0,-428.2908834,428.2908834
3 vs. 4,ENSG00000106211,0,0,-416.1665656,416.1665656
3 vs. 4,ENSG00000115268,0,0,-415.2656155,415.2656155
3 vs. 4,ENSG00000101182,6.54E-14,1.46E-13,-409.7675359,409.7675359
3 vs. 4,ENSG00000131469,0,0,-400.8077623,400.8077623
3 vs. 4,ENSG00000115053,0,0,-397.2088134,397.2088134
3 vs. 4,ENSG00000162722,2.18E-10,4.01E-10,396.2061856,396.2061856
3 vs. 4,ENSG00000229807,4.79E-07,7.82E-07,-393.7230645,393.7230645
3 vs. 4,ENSG00000095303,1.11E-16,2.97E-16,391.6446331,391.6446331
3 vs. 4,ENSG00000161911,2.50E-14,5.86E-14,388.2472205,388.2472205
3 vs. 4,ENSG00000115956,7.77E-16,1.96E-15,387.623206,387.623206
3 vs. 4,ENSG00000124145,4.64E-12,9.35E-12,-385.3226198,385.3226198
3 vs. 4,ENSG00000123739,0.324079279,0.374563991,384.609056,384.609056
3 vs. 4,ENSG00000136942,0,0,-377.443299,377.443299
3 vs. 4,ENSG00000171858,0,0,-375.841318,375.841318
3 vs. 4,ENSG00000145592,0,0,-371.8811401,371.8811401
3 vs. 4,ENSG00000164405,0,0,-367.2454013,367.2454013
3 vs. 4,ENSG00000008018,0,0,-365.6228017,365.6228017
3 vs. 4,ENSG00000198948,2.96E-04,4.29E-04,365.4467354,365.4467354
3 vs. 4,ENSG00000009307,2.55E-15,6.38E-15,-364.2678391,364.2678391
3 vs. 4,ENSG00000147065,2.07E-07,3.48E-07,358.1154235,358.1154235
3 vs. 4,ENSG00000140319,1.91E-14,4.58E-14,-352.427734,352.427734
3 vs. 4,ENSG00000162852,0.002465622,0.003522317,351.0111178,351.0111178
3 vs. 4,ENSG00000146859,0.067601516,0.084501895,333.4111583,333.4111583
3 vs. 4,ENSG00000150681,0,0,331.3961997,331.3961997
3 vs. 4,ENSG00000172809,0,0,-315.9698807,315.9698807
3 vs. 4,ENSG00000163220,9.65E-06,1.49E-05,-315.3774004,315.3774004
3 vs. 4,ENSG00000005249,2.12E-13,4.64E-13,315.0147564,315.0147564
3 vs. 4,ENSG00000109475,0,0,-307.2819891,307.2819891
3 vs. 4,ENSG00000142168,0,0,-305.6860724,305.6860724
3 vs. 4,ENSG00000155366,7.20E-12,1.44E-11,-304.4366283,304.4366283
3 vs. 4,ENSG00000113558,0,0,-304.0731757,304.0731757
3 vs. 4,ENSG00000120738,7.36E-09,1.26E-08,-301.5106125,301.5106125
3 vs. 4,ENSG00000041353,0.062955342,0.079124201,289.8823529,289.8823529
3 vs. 4,ENSG00000147649,6.66E-16,1.70E-15,-287.6050131,287.6050131
3 vs. 4,ENSG00000128294,1.60E-05,2.46E-05,277.5542753,277.5542753
3 vs. 4,ENSG00000130402,0,0,-271.4428947,271.4428947
3 vs. 4,ENSG00000166501,2.22E-16,5.87E-16,270.2126541,270.2126541
3 vs. 4,ENSG00000143878,3.81E-14,8.76E-14,-265.9856479,265.9856479
3 vs. 4,ENSG00000174175,1.11E-16,2.97E-16,252.7469173,252.7469173
3 vs. 4,ENSG00000175567,2.37E-12,4.87E-12,-249.1014756,249.1014756
3 vs. 4,ENSG00000112695,0,0,-238.3193855,238.3193855
3 vs. 4,ENSG00000013810,0.074229736,0.092285618,229.8184758,229.8184758
3 vs. 4,ENSG00000135940,0,0,-226.5318375,226.5318375
3 vs. 4,ENSG00000162367,0,0,218.0317364,218.0317364
3 vs. 4,ENSG00000117155,0.360821256,0.410836084,210.7980594,210.7980594
3 vs. 4,ENSG00000048740,2.94E-06,4.60E-06,210.6947645,210.6947645
3 vs. 4,ENSG00000157570,0.017802879,0.022875208,210.1449363,210.1449363
3 vs. 4,ENSG00000168461,0.444082999,0.488703779,208.2739034,208.2739034
3 vs. 4,ENSG00000090382,0.200290599,0.239931446,-202.7339802,202.7339802
3 vs. 4,ENSG00000161970,0,0,-200.1514049,200.1514049
3 vs. 4,ENSG00000100504,1.41E-04,2.08E-04,198.5330503,198.5330503
3 vs. 4,ENSG00000065534,1.59E-06,2.53E-06,190.4768547,190.4768547
3 vs. 4,ENSG00000131171,5.86E-11,1.11E-10,-189.2615727,189.2615727
3 vs. 4,ENSG00000125356,0,0,-186.7913887,186.7913887
3 vs. 4,ENSG00000124766,0,0,-184.6759652,184.6759652
3 vs. 4,ENSG00000144677,0.209000138,0.249067522,176.06226,176.06226
3 vs. 4,ENSG00000185650,0,0,-174.3373762,174.3373762
3 vs. 4,ENSG00000108405,0,0,172.1382656,172.1382656
3 vs. 4,ENSG00000069275,0,0,-171.93208,171.93208
3 vs. 4,ENSG00000108960,9.11E-10,1.64E-09,170.0192036,170.0192036
3 vs. 4,ENSG00000129657,0.173117548,0.209563347,167.1647463,167.1647463
3 vs. 4,ENSG00000162614,4.68E-13,1.00E-12,163.8940772,163.8940772
3 vs. 4,ENSG00000165682,0,0,160.0375985,160.0375985
3 vs. 4,ENSG00000144802,1.30E-06,2.07E-06,-158.750758,158.750758
3 vs. 4,ENSG00000171611,0,0,156.423489,156.423489
3 vs. 4,ENSG00000122218,2.01E-09,3.50E-09,-149.0964221,149.0964221
3 vs. 4,ENSG00000186591,0.017123756,0.022126201,148.7624823,148.7624823
3 vs. 4,ENSG00000118640,9.17E-13,1.94E-12,-147.4865575,147.4865575
3 vs. 4,ENSG00000142961,2.32E-07,3.87E-07,147.178492,147.178492
3 vs. 4,ENSG00000138735,1.30E-07,2.20E-07,142.6553467,142.6553467
3 vs. 4,ENSG00000109572,0.433545564,0.481717294,141.7515666,141.7515666
3 vs. 4,ENSG00000188229,9.19E-10,1.64E-09,-138.4675561,138.4675561
3 vs. 4,ENSG00000184602,0.596267405,0.640848146,137.2609662,137.2609662
3 vs. 4,ENSG00000088826,1.34E-09,2.37E-09,131.9332929,131.9332929
3 vs. 4,ENSG00000233927,3.47E-10,6.33E-10,-126.0503335,126.0503335
3 vs. 4,ENSG00000188677,2.72E-07,4.50E-07,126.004245,126.004245
3 vs. 4,ENSG00000119707,0,0,-125.7608652,125.7608652
3 vs. 4,ENSG00000187800,2.28E-14,5.40E-14,122.7353952,122.7353952
3 vs. 4,ENSG00000102362,0.010471631,0.013921821,122.3763897,122.3763897
3 vs. 4,ENSG00000125868,1.08E-14,2.64E-14,-120.2233677,120.2233677
3 vs. 4,ENSG00000198918,0,0,-104.2403477,104.2403477
3 vs. 4,ENSG00000102893,0.651154783,0.69335926,99.58075601,99.58075601
3 vs. 4,ENSG00000092929,0.0097464,0.013109193,99.30402264,99.30402264
3 vs. 4,ENSG00000197959,1.40E-12,2.93E-12,97.00606428,97.00606428
3 vs. 4,ENSG00000125875,0.02686362,0.034136092,96.30968264,96.30968264
3 vs. 4,ENSG00000153815,1.01E-11,1.99E-11,95.93733576,95.93733576
3 vs. 4,ENSG00000101335,0.334848257,0.384373509,94.81281585,94.81281585
3 vs. 4,ENSG00000179361,2.50E-05,3.80E-05,94.23266626,94.23266626
3 vs. 4,ENSG00000100664,1.85E-11,3.60E-11,-89.87831009,89.87831009
3 vs. 4,ENSG00000105993,0.011463368,0.015152727,86.78350515,86.78350515
3 vs. 4,ENSG00000081041,0.008154899,0.011033099,-86.18516272,86.18516272
3 vs. 4,ENSG00000129355,2.91E-04,4.24E-04,84.66100667,84.66100667
3 vs. 4,ENSG00000198089,0.383855648,0.430667312,82.08591065,82.08591065
3 vs. 4,ENSG00000140022,2.86E-05,4.32E-05,81.48817465,81.48817465
3 vs. 4,ENSG00000140853,1.10E-04,1.64E-04,80.99009501,80.99009501
3 vs. 4,ENSG00000160013,0,0,73.11400849,73.11400849
3 vs. 4,ENSG00000146376,1.37E-04,2.04E-04,72.41540327,72.41540327
3 vs. 4,ENSG00000169554,6.38E-11,1.19E-10,72.31311906,72.31311906
3 vs. 4,ENSG00000151748,0.540824366,0.586743416,70.26157267,70.26157267
3 vs. 4,ENSG00000059377,1.95E-09,3.42E-09,66.31129978,66.31129978
3 vs. 4,ENSG00000101040,0.568078251,0.613417829,64.43581969,64.43581969
3 vs. 4,ENSG00000177200,0.441687937,0.488404931,-63.03537497,63.03537497
3 vs. 4,ENSG00000070190,0.005123322,0.007056073,62.44046897,62.44046897
3 vs. 4,ENSG00000158552,0.304403987,0.353600591,62.30280978,62.30280978
3 vs. 4,ENSG00000143545,1.80E-12,3.73E-12,-61.793208,61.793208
3 vs. 4,ENSG00000117586,4.22E-14,9.61E-14,60.18536487,60.18536487
3 vs. 4,ENSG00000115935,2.80E-13,6.07E-13,58.64443097,58.64443097
3 vs. 4,ENSG00000152256,0.788974477,0.81740599,56.10774207,56.10774207
3 vs. 4,ENSG00000121766,0.005657943,0.007745994,-55.13806347,55.13806347
3 vs. 4,ENSG00000068831,0,0,52.26339195,52.26339195
3 vs. 4,ENSG00000134668,6.20E-10,1.12E-09,50.89630079,50.89630079
3 vs. 4,ENSG00000159023,0.169888046,0.206742066,50.61613099,50.61613099
3 vs. 4,ENSG00000139722,6.32E-05,9.51E-05,-48.95957146,48.95957146
3 vs. 4,ENSG00000184113,5.55E-16,1.43E-15,48.67697595,48.67697595
3 vs. 4,ENSG00000198478,0.003784522,0.005275395,48.34485547,48.34485547
3 vs. 4,ENSG00000134882,0.004351443,0.006029108,47.8570851,47.8570851
3 vs. 4,ENSG00000197122,0.194952533,0.234759594,-41.0236507,41.0236507
3 vs. 4,ENSG00000173210,2.74E-06,4.32E-06,40.93106933,40.93106933
3 vs. 4,ENSG00000151023,0,0,40.26905195,40.26905195
3 vs. 4,ENSG00000101745,6.51E-04,9.35E-04,-38.65170811,38.65170811
3 vs. 4,ENSG00000090975,0.002679775,0.003781278,38.51890034,38.51890034
3 vs. 4,ENSG00000172889,0.368184655,0.41511015,38.28886194,38.28886194
3 vs. 4,ENSG00000172794,9.09E-11,1.69E-10,38.08853851,38.08853851
3 vs. 4,ENSG00000137145,0.74844523,0.782465468,34.85728724,34.85728724
3 vs. 4,ENSG00000071051,0.01472036,0.019128152,33.92359005,33.92359005
3 vs. 4,ENSG00000187764,0.241808208,0.28375453,-28.53183748,28.53183748
3 vs. 4,ENSG00000006576,0.810351973,0.83578903,28.42854255,28.42854255
3 vs. 4,ENSG00000025708,7.95E-07,1.28E-06,-27.95997574,27.95997574
3 vs. 4,ENSG00000185989,0.005941072,0.008085482,26.58217101,26.58217101
3 vs. 4,ENSG00000116001,0.052103228,0.065844738,-26.01172428,26.01172428
3 vs. 4,ENSG00000133606,0.013739592,0.017955148,25.83404083,25.83404083
3 vs. 4,ENSG00000148484,0.752222092,0.782855571,24.03234283,24.03234283
3 vs. 4,ENSG00000105329,3.33E-16,8.71E-16,22.39013544,22.39013544
3 vs. 4,ENSG00000112079,0.147991876,0.182022094,-22.38892258,22.38892258
3 vs. 4,ENSG00000154310,4.02E-07,6.60E-07,22.22458055,22.22458055
3 vs. 4,ENSG00000142046,5.08E-06,7.89E-06,21.72427734,21.72427734
3 vs. 4,ENSG00000134318,0.449550648,0.492364995,-18.36385688,18.36385688
3 vs. 4,ENSG00000047648,1.91E-14,4.58E-14,17.38892258,17.38892258
3 vs. 4,ENSG00000166091,5.62E-14,1.27E-13,16.71639377,16.71639377
3 vs. 4,ENSG00000196182,0.606424225,0.648732892,14.86577724,14.86577724
3 vs. 4,ENSG00000160796,0.938644904,0.955258088,-12.6796038,12.6796038
3 vs. 4,ENSG00000138449,0.966556583,0.970566019,12.20840914,12.20840914
3 vs. 4,ENSG00000173542,0.155478501,0.19021306,11.76511017,11.76511017
3 vs. 4,ENSG00000143595,4.51E-12,9.19E-12,11.18758844,11.18758844
3 vs. 4,ENSG00000101109,0.705824181,0.744676888,10.82312513,10.82312513
3 vs. 4,ENSG00000101236,0.970566019,0.970566019,-10.68506165,10.68506165
3 vs. 4,ENSG00000125753,0.08707457,0.107672855,-10.08247423,10.08247423
3 vs. 4,ENSG00000101470,0.258823522,0.302179747,-9.464321811,9.464321811
3 vs. 4,ENSG00000221823,0.501368278,0.546515185,-9.381443299,9.381443299
3 vs. 4,ENSG00000059728,0.842206891,0.8609226,-8.065494239,8.065494239
3 vs. 4,ENSG00000092531,0.423808995,0.4731848,-6.683040226,6.683040226
3 vs. 4,ENSG00000264364,0.943115035,0.95557911,-6.044471397,6.044471397
3 vs. 4,ENSG00000106366,1.00E-11,1.99E-11,-5.994340004,5.994340004
3 vs. 4,ENSG00000120690,0.951581885,0.959929095,-4.544370325,4.544370325
3 vs. 4,ENSG00000107863,0.362997228,0.411277648,4.368910451,4.368910451
3 vs. 4,ENSG00000197461,0.215713823,0.255743192,3.124115626,3.124115626
3 vs. 4,ENSG00000198168,0.826894851,0.849043821,-2.944612897,2.944612897
3 vs. 4,ENSG00000103187,0.335909023,0.384373509,-2.211036992,2.211036992
3 vs. 4,ENSG00000163734,5.61E-09,9.70E-09,-1.042045684,1.042045684
3 vs. 4,ENSG00000087095,0.700545507,0.742513671,0.771376592,0.771376592
3 vs. 4,ENSG00000113742,0.735804834,0.772763067,0.112391348,0.112391348
